Event #,Event Title,Cost Code,Cost Type,Budget Code,Description,Vendor,Contract,UOM,Revenue Unit Qty,Revenue Unit Cost,Revenue ROM,Prime PCO,Latest Price,Cost Unit Qty,Cost Unit Cost,Cost ROM,RFQ,Commitment,Latest Cost,Over / Under,Budget Modification
INT-003,Internal Cost Code Change,60-602020.000 - General Liability Insurance,Material - Material,,,,,,,,$0.00,$0.00,$0.00,,,,,,0.0,$0.00,
INT-003,Internal Cost Code Change,60-604000.000 - Fee,Material - Material,,,,,,,,$0.00,$0.00,$0.00,,,,,,0.0,$0.00,
INT-003,Internal Cost Code Change,5-51200.000 - Structural Steel,Subcontract - Subcontract,,F&I Aluminum Railgs,"D G Welding & Mfg., Inc.",SC-25-117-051,ls,0.0,$0.00,$0.00,,$0.00,-1.0,"$125,000.00","-$125,000.00",,"-$125,000.00","-$125,000.00","$125,000.00",
INT-003,Internal Cost Code Change,5-57210.000 - Aluminum Deck and Railings,Subcontract - Subcontract,,F&I Aluminum Railgs,"D G Welding & Mfg., Inc.",SC-25-117-051,ls,0.0,$0.00,$0.00,,$0.00,1.0,"$125,000.00","$125,000.00",,"$125,000.00","$125,000.00","-$125,000.00",
INT-002,Ladder Truss at Demising,6-61710.000 - Manufactured Wall Panels,Material - Material,,Ladder Truss,Mayfield Truss LLC,PO-25-117-061,ls,0.0,$0.00,$0.00,,$0.00,1.0,"$15,000.00","$15,000.00",,,"$15,000.00","-$15,000.00",
INT-001,Internal CO M to S,2-29200.000 - Survey & Layout,Material - Material,,Project Management / Meetings / Coordination,WSB,SC-25-117-029,ls,0.0,$0.00,$0.00,,$0.00,-1.0,$440.00,-$440.00,,-$440.00,-$440.00,$440.00,
INT-001,Internal CO M to S,2-29200.000 - Survey & Layout,Subcontract - Subcontract,,Construction Staking Prep / Cogo and Notes,WSB,SC-25-117-029,ls,0.0,$0.00,$0.00,,$0.00,-1.0,"$2,160.00","-$2,160.00",,"-$2,160.00","-$2,160.00","$2,160.00",
INT-001,Internal CO M to S,2-29200.000 - Survey & Layout,Material - Material,,Intermediate Control,WSB,SC-25-117-029,ls,0.0,$0.00,$0.00,,$0.00,-1.0,"$1,060.00","-$1,060.00",,"-$1,060.00","-$1,060.00","$1,060.00",
INT-001,Internal CO M to S,2-29200.000 - Survey & Layout,Material - Material,,Construction Limits,WSB,SC-25-117-029,ls,0.0,$0.00,$0.00,,$0.00,-1.0,"$1,590.00","-$1,590.00",,"-$1,590.00","-$1,590.00","$1,590.00",
INT-001,Internal CO M to S,2-29200.000 - Survey & Layout,Material - Material,,Exterior Building Grids,WSB,SC-25-117-029,ls,0.0,$0.00,$0.00,,$0.00,-1.0,"$3,180.00","-$3,180.00",,"-$3,180.00","-$3,180.00","$3,180.00",
INT-001,Internal CO M to S,2-29200.000 - Survey & Layout,Material - Material,,Curb and Gutter,WSB,SC-25-117-029,ls,0.0,$0.00,$0.00,,$0.00,-1.0,"$2,120.00","-$2,120.00",,"-$2,120.00","-$2,120.00","$2,120.00",
INT-001,Internal CO M to S,2-29200.000 - Survey & Layout,Material - Material,,"Utility Staking (Storm, Sanitary, Water)",WSB,SC-25-117-029,ls,0.0,$0.00,$0.00,,$0.00,-1.0,"$4,505.00","-$4,505.00",,"-$4,505.00","-$4,505.00","$4,505.00",
INT-001,Internal CO M to S,2-29200.000 - Survey & Layout,Material - Material,,Filtration Basin (Top/Bottom Contour),WSB,SC-25-117-029,ls,0.0,$0.00,$0.00,,$0.00,-1.0,$530.00,-$530.00,,-$530.00,-$530.00,$530.00,
INT-001,Internal CO M to S,2-29200.000 - Survey & Layout,Material - Material,,"Miscellaneous Site Features (Bollards, Transformer/Generator Pad, Light Poles",WSB,SC-25-117-029,ls,0.0,$0.00,$0.00,,$0.00,-1.0,"$1,590.00","-$1,590.00",,"-$1,590.00","-$1,590.00","$1,590.00",
INT-001,Internal CO M to S,2-29200.000 - Survey & Layout,Material - Material,,Staking of Pedestrian Path (North Side),WSB,SC-25-117-029,ls,0.0,$0.00,$0.00,,$0.00,-1.0,$575.00,-$575.00,,-$575.00,-$575.00,$575.00,
INT-001,Internal CO M to S,2-29200.000 - Survey & Layout,Subcontract - Subcontract,,Construction Staking and Survey,WSB,SC-25-117-029,ls,0.0,$0.00,$0.00,,$0.00,1.0,"$17,750.00","$17,750.00",,"$17,750.00","$17,750.00","-$17,750.00",
162,Supply outdoor FEC,60-602020.000 - General Liability Insurance,Material - Material,,,,,,,,$7.27,$0.00,$7.27,,,,,,0.0,$7.27,
162,Supply outdoor FEC,60-604000.000 - Fee,Material - Material,,,,,,,,$25.43,$0.00,$25.43,,,,,,0.0,$25.43,
162,Supply outdoor FEC,10-104413.000 - Fire Extinguishers and Cabinets,Material - Material,,Supply one outdoor FEC and FE for the grill area.,"CBG Midwest, LLC dba BMSI",PO-25-117-104,ls,1.0,$726.63,$726.63,,$726.63,1.0,$726.63,$726.63,,$726.63,$726.63,$0.00,
161,Unit Floor Prep,60-602020.000 - General Liability Insurance,Material - Material,,,,,,,,$65.40,$0.00,$65.40,,,,,,0.0,$65.40,
161,Unit Floor Prep,60-604000.000 - Fee,Material - Material,,,,,,,,$228.92,$0.00,$228.92,,,,,,0.0,$228.92,
161,Unit Floor Prep,9-96500.000 - Resilient Flooring,Subcontract - Subcontract,,Additional floor prep required at unit patios doors. Includes labor and materials for Level 3 and Level 2.,Precision Floors,SC-25-117-093,ls,1.0,"$6,540.44","$6,540.44",,"$6,540.44",1.0,"$6,540.44","$6,540.44",,"$6,540.44","$6,540.44",$0.00,
160,Barrier Gates,60-602020.000 - General Liability Insurance,Material - Material,,,,,,,,$0.00,$0.00,$0.00,,,,,,0.0,$0.00,
160,Barrier Gates,60-604000.000 - Fee,Material - Material,,,,,,,,$0.00,$0.00,$0.00,,,,,,0.0,$0.00,
160,Barrier Gates,5-51200.000 - Structural Steel,Subcontract - Subcontract,,Supply and install all stair tower barrier gates.,"D G Welding & Mfg., Inc.",SC-25-117-051,ls,0.0,$0.00,$0.00,,$0.00,1.0,"$3,075.00","$3,075.00",,"$3,075.00","$3,075.00","-$3,075.00",
159,Additional Concrete Sidewalk,60-602020.000 - General Liability Insurance,Material - Material,,,,,,,,$0.00,$0.00,$0.00,,,,,,0.0,$0.00,
159,Additional Concrete Sidewalk,60-604000.000 - Fee,Material - Material,,,,,,,,$0.00,$0.00,$0.00,,,,,,0.0,$0.00,
159,Additional Concrete Sidewalk,32-321613.000 - Site Concrete,Subcontract - Subcontract,,Additional concrete sidewalk at the north side of the building to connect to existing.,"North Country Concrete, Inc.",SC-25-117-321,,0.0,$0.00,$0.00,,$0.00,1.0,"$2,856.00","$2,856.00",,"$2,856.00","$2,856.00","-$2,856.00",
158,Install Ovens and Cooktops,60-602020.000 - General Liability Insurance,Material - Material,,,,,,,,$56.25,$0.00,$56.25,,,,,,0.0,$56.25,
158,Install Ovens and Cooktops,60-604000.000 - Fee,Material - Material,,,,,,,,$196.88,$0.00,$196.88,,,,,,0.0,$196.88,
158,Install Ovens and Cooktops,6-62000.000 - Finish Carpentry Installation,Subcontract - Subcontract,,Set all ovens and cooktops in units.,JB Finishes,SC-25-117-062,ls,1.0,"$5,625.00","$5,625.00",,"$5,625.00",1.0,"$5,625.00","$5,625.00",,"$5,625.00","$5,625.00",$0.00,
157,Labor for Insulation,60-602020.000 - General Liability Insurance,Material - Material,,,,,,,,$0.00,$0.00,$0.00,,,,,,0.0,$0.00,
157,Labor for Insulation,60-604000.000 - Fee,Material - Material,,,,,,,,$0.00,$0.00,$0.00,,,,,,0.0,$0.00,
157,Labor for Insulation,7-72100.000 - Thermal Insulation,Subcontract - Subcontract,,Additional labor to supplement insulation install.  ,Voeller Insulation Inc.,SC-25-117-0721,ls,0.0,$0.00,$0.00,,$0.00,-1.0,"$11,000.00","-$11,000.00",,"-$11,000.00","-$11,000.00","$11,000.00",
157,Labor for Insulation,4-40000.000 - Masonry,Subcontract - Subcontract,,Additional labor to supplement insulation install.  ,Installed Building Solutions,SC-25-117-040,ls,0.0,$0.00,$0.00,,$0.00,1.0,"$11,000.00","$11,000.00",,"$11,000.00","$11,000.00","-$11,000.00",
156,Elevator Wall Framing,60-602020.000 - General Liability Insurance,Material - Material,,,,,,,,$59.60,$0.00,$59.60,,,,,,0.0,$59.60,
156,Elevator Wall Framing,60-604000.000 - Fee,Material - Material,,,,,,,,$208.60,$0.00,$208.60,,,,,,0.0,$208.60,
156,Elevator Wall Framing,9-92116.000 - Gypsum Board Assemblies,Subcontract - Subcontract,,Supply and install labor and materials for CH Stud Shaft walls along elevator lobbies for infill.,"MCI Paint & Drywall, Inc.",SC-25-117-092,ls,1.0,"$5,960.00","$5,960.00",,"$5,960.00",1.0,"$5,960.00","$5,960.00",,"$5,960.00","$5,960.00",$0.00,
155,Additional Class 5,60-602020.000 - General Liability Insurance,Material - Material,,,,,,,,$0.00,$0.00,$0.00,,,,,,0.0,$0.00,
155,Additional Class 5,60-604000.000 - Fee,Material - Material,,,,,,,,$0.00,$0.00,$0.00,,,,,,0.0,$0.00,
155,Additional Class 5,32-321216.000 - Asphalt Paving,Subcontract - Subcontract,,Additional Class 5 Rock,"Bituminous Roadways, Inc",SC-25-117-322,ls,0.0,$0.00,$0.00,,$0.00,1.0,"$2,116.00","$2,116.00",,"$2,116.00","$2,116.00","-$2,116.00",
154,Paint Microwave Shrouds,60-602020.000 - General Liability Insurance,Material - Material,,,,,,,,$0.00,$0.00,$0.00,,,,,,0.0,$0.00,
154,Paint Microwave Shrouds,60-604000.000 - Fee,Material - Material,,,,,,,,$0.00,$0.00,$0.00,,,,,,0.0,$0.00,
154,Paint Microwave Shrouds,,,,Paint unit microwave shrouds,"MCI Paint & Drywall, Inc.",SC-25-117-092,,0.0,$0.00,$0.00,,$0.00,1.0,"$5,000.00","$5,000.00",,,"$5,000.00","-$5,000.00",
153,Irrigation System Repairs,60-602020.000 - General Liability Insurance,Material - Material,,,,,,,,$0.00,$0.00,$0.00,,,,,,0.0,$0.00,
153,Irrigation System Repairs,60-604000.000 - Fee,Material - Material,,,,,,,,$0.00,$0.00,$0.00,,,,,,0.0,$0.00,
153,Irrigation System Repairs,32-329000.000 - Landscaping and Irrigation,Subcontract - Subcontract,,,"Autumn Ridge Landscaping, Inc.",SC-25-117-323,ls,0.0,$0.00,$0.00,,$0.00,1.0,"$4,000.00","$4,000.00",,,"$4,000.00","-$4,000.00",
152,Additional FE & FECs,60-602020.000 - General Liability Insurance,Material - Material,,,,,,,,$0.00,$0.00,$0.00,,,,,,0.0,$0.00,
152,Additional FE & FECs,60-604000.000 - Fee,Material - Material,,,,,,,,$0.00,$0.00,$0.00,,,,,,0.0,$0.00,
152,Additional FE & FECs,10-104413.000 - Fire Extinguishers and Cabinets,Material - Material,,Supply 4 additional fire extinguishers and fire extinguisher cabinets.,"CBG Midwest, LLC dba BMSI",PO-25-117-104,ls,0.0,$0.00,$0.00,,$0.00,1.0,"$2,760.00","$2,760.00",,"$2,760.00","$2,760.00","-$2,760.00",
151,Additional Toilet Accessories,60-602020.000 - General Liability Insurance,Material - Material,,,,,,,,$0.00,$0.00,$0.00,,,,,,0.0,$0.00,
151,Additional Toilet Accessories,60-604000.000 - Fee,Material - Material,,,,,,,,$0.00,$0.00,$0.00,,,,,,0.0,$0.00,
151,Additional Toilet Accessories,10-102800.000 - Toilet and Bath Accessories,Material - Material,,Supply additional TAs,"CBG Midwest, LLC dba BMSI",PO-25-117-104,ls,0.0,$0.00,$0.00,,$0.00,1.0,"$6,906.50","$6,906.50",,"$6,906.50","$6,906.50","-$6,906.50",
150,Contingency: Ballast Materials,60-602020.000 - General Liability Insurance,Material - Material,,,,,,,,$0.00,$0.00,$0.00,,,,,,0.0,$0.00,
150,Contingency: Ballast Materials,60-604000.000 - Fee,Material - Material,,,,,,,,$0.00,$0.00,$0.00,,,,,,0.0,$0.00,
150,Contingency: Ballast Materials,7-75000.000 - Membrane Roofing,Subcontract - Subcontract,,Colored ballasted materials at Community Roof,"Highmark Exteriors, LLC",SC-25-117-0722,ls,0.0,$0.00,$0.00,"$19,758.00","$19,758.00",1.0,"$19,758.00","$19,758.00",,"$19,758.00","$19,758.00",$0.00,
150,Contingency: Ballast Materials,60-601005.000 - Design Contingency,Material - Material,,Colored ballasted materials at Community Roof,,,,0.0,$0.00,$0.00,"-$10,304.54","-$10,304.54",-1.0,"$10,304.54","-$10,304.54",,,"-$10,304.54",$0.00,
150,Contingency: Ballast Materials,60-601000.000 - Construction Contingency,Material - Material,,Colored ballasted materials at Community Roof,,,,0.0,$0.00,$0.00,"-$9,453.46","-$9,453.46",-1.0,"$9,453.46","-$9,453.46",,,"-$9,453.46",$0.00,
149,HM Frame Repairs,60-602020.000 - General Liability Insurance,Material - Material,,,,,,,,$0.00,$0.00,$0.00,,,,,,0.0,$0.00,
149,HM Frame Repairs,60-604000.000 - Fee,Material - Material,,,,,,,,$0.00,$0.00,$0.00,,,,,,0.0,$0.00,
149,HM Frame Repairs,9-92116.000 - Gypsum Board Assemblies,Subcontract - Subcontract,,Repairs to drywall as a result of HM frames being installed out of sequences.,"MCI Paint & Drywall, Inc.",SC-25-117-092,ls,0.0,$0.00,$0.00,,$0.00,1.0,"$17,628.00","$17,628.00",,"$17,628.00","$17,628.00","-$17,628.00",
148,High Early Concrete Approach Apron,60-602020.000 - General Liability Insurance,Material - Material,,,,,,,,$0.00,$0.00,$0.00,,,,,,0.0,$0.00,
148,High Early Concrete Approach Apron,60-604000.000 - Fee,Material - Material,,,,,,,,$0.00,$0.00,$0.00,,,,,,0.0,$0.00,
148,High Early Concrete Approach Apron,32-321613.000 - Site Concrete,Subcontract - Subcontract,,Install concrete approach apron with high early concrete mix.,"North Country Concrete, Inc.",SC-25-117-321,ls,0.0,$0.00,$0.00,,$0.00,1.0,$500.00,$500.00,,$500.00,$500.00,-$500.00,
147,Additional Grab Bars,60-602020.000 - General Liability Insurance,Material - Material,,,,,,,,$0.00,$0.00,$0.00,,,,,,0.0,$0.00,
147,Additional Grab Bars,60-604000.000 - Fee,Material - Material,,,,,,,,$0.00,$0.00,$0.00,,,,,,0.0,$0.00,
147,Additional Grab Bars,10-102800.000 - Toilet and Bath Accessories,Material - Material,,Supply and install additional grab bars,"CBG Midwest, LLC dba BMSI",PO-25-117-104,ls,0.0,$0.00,$0.00,,$0.00,1.0,"$5,624.40","$5,624.40",,"$5,624.40","$5,624.40","-$5,624.40",
146,Construction Contingency: Storage Cages,60-602020.000 - General Liability Insurance,Material - Material,,,,,,,,$0.00,$0.00,$0.00,,,,,,0.0,$0.00,
146,Construction Contingency: Storage Cages,60-604000.000 - Fee,Material - Material,,,,,,,,$0.00,$0.00,$0.00,,,,,,0.0,$0.00,
146,Construction Contingency: Storage Cages,32-323100.000 - Fences and Gates,Subcontract - Subcontract,,Construction Contingency use for supply and install of chain link storage cages in the lower level.,,,ls,0.0,$0.00,$0.00,"$25,252.00","$25,252.00",1.0,"$25,252.00","$25,252.00",,,"$25,252.00",$0.00,
146,Construction Contingency: Storage Cages,60-601000.000 - Construction Contingency,Material - Material,,Construction Contingency use for supply and install of chain link storage cages in the lower level.,,,ls,0.0,$0.00,$0.00,"-$25,252.00","-$25,252.00",-1.0,"$25,252.00","-$25,252.00",,,"-$25,252.00",$0.00,
145,Repair Trellis and Replace Door,60-602020.000 - General Liability Insurance,Material - Material,,,,,,,,$0.00,$0.00,$0.00,,,,,,0.0,$0.00,
145,Repair Trellis and Replace Door,60-604000.000 - Fee,Material - Material,,,,,,,,$0.00,$0.00,$0.00,,,,,,0.0,$0.00,
145,Repair Trellis and Replace Door,6-61010.000 - Rough Carpentry Installation,Subcontract - Subcontract,,Repair damaged trellis structure at load in unit and replace incorrect patio door.,Wolf Construction,SC-25-117-061,ls,0.0,$0.00,$0.00,,$0.00,1.0,"$1,200.00","$1,200.00",,"$1,200.00","$1,200.00","-$1,200.00",
144,Adjustment to CCO 004 for correct value,60-602020.000 - General Liability Insurance,Material - Material,,,,,,,,$4.83,$0.00,$4.83,,,,,,0.0,$4.83,
144,Adjustment to CCO 004 for correct value,60-604000.000 - Fee,Material - Material,,,,,,,,$16.91,$0.00,$16.91,,,,,,0.0,$16.91,
144,Adjustment to CCO 004 for correct value,3-33000.000 - Cast in Place Concrete,Subcontract - Subcontract,,Adjustment to CCO 004 for correct value,"Gresser Companies, Inc.",SC-25-117-030,ls,1.0,$483.00,$483.00,,$483.00,1.0,$483.00,$483.00,,$483.00,$483.00,$0.00,
143,Install Treated OSB at Balconies,60-602020.000 - General Liability Insurance,Material - Material,,,,,,,,$0.00,$0.00,$0.00,,,,,,0.0,$0.00,
143,Install Treated OSB at Balconies,60-604000.000 - Fee,Material - Material,,,,,,,,$0.00,$0.00,$0.00,,,,,,0.0,$0.00,
143,Install Treated OSB at Balconies,6-61010.000 - Rough Carpentry Installation,Subcontract - Subcontract,,Install treated OSB all sides of balconies.,Wolf Construction,SC-25-117-061,ls,0.0,$0.00,$0.00,,$0.00,1.0,"$4,913.00","$4,913.00",,"$4,913.00","$4,913.00","-$4,913.00",
142,Progress Cleaning,60-602020.000 - General Liability Insurance,Material - Material,,,,,,,,$0.00,$0.00,$0.00,,,,,,0.0,$0.00,
142,Progress Cleaning,60-604000.000 - Fee,Material - Material,,,,,,,,$0.00,$0.00,$0.00,,,,,,0.0,$0.00,
142,Progress Cleaning,2-29010.000 - Progress Cleaning,Material - Material,,Progress cleaning during construction,"Doran Resident Services, LLC",SC-25-117-0295,ls,0.0,$0.00,$0.00,,$0.00,1.0,"$2,641.00","$2,641.00",,"$2,641.00","$2,641.00","-$2,641.00",
141,Intumescent Painting at LL beam,60-602020.000 - General Liability Insurance,Material - Material,,,,,,,,$0.00,$0.00,$0.00,,,,,,0.0,$0.00,
141,Intumescent Painting at LL beam,60-604000.000 - Fee,Material - Material,,,,,,,,$0.00,$0.00,$0.00,,,,,,0.0,$0.00,
141,Intumescent Painting at LL beam,7-78100.000 - Applied Fireproofing,Subcontract - Subcontract,, Intumescent paint at the lower-level steel structure ,Finishing Touch Plus,SC-25-117-099,ls,0.0,$0.00,$0.00,,$0.00,1.0,"$1,640.00","$1,640.00",,"$1,640.00","$1,640.00","-$1,640.00",
140,Additional Floro Prep,60-602020.000 - General Liability Insurance,Material - Material,,,,,,,,$18.30,$0.00,$18.30,,,,,,0.0,$18.30,
140,Additional Floro Prep,60-604000.000 - Fee,Material - Material,,,,,,,,$64.05,$0.00,$64.05,,,,,,0.0,$64.05,
140,Additional Floro Prep,9-96500.000 - Resilient Flooring,Subcontract - Subcontract,,Additional floor prep at L3,Precision Floors,SC-25-117-093,ls,1.0,"$1,830.10","$1,830.10",,"$1,830.10",1.0,"$1,830.10","$1,830.10",,,"$1,830.10",$0.00,
139,Install Lintel Plate Garage,60-602020.000 - General Liability Insurance,Material - Material,,,,,,,,$0.00,$0.00,$0.00,,,,,,0.0,$0.00,
139,Install Lintel Plate Garage,60-604000.000 - Fee,Material - Material,,,,,,,,$0.00,$0.00,$0.00,,,,,,0.0,$0.00,
139,Install Lintel Plate Garage,5-51200.000 - Structural Steel,Subcontract - Subcontract,,Supply and install one lintel Plate at the garage.,"D G Welding & Mfg., Inc.",SC-25-117-051,ls,0.0,$0.00,$0.00,,$0.00,1.0,"$1,430.00","$1,430.00",,"$1,430.00","$1,430.00","-$1,430.00",
138,Additional Flooring Prep,60-602020.000 - General Liability Insurance,Material - Material,,,,,,,,$0.00,$0.00,$0.00,,,,,,0.0,$0.00,
138,Additional Flooring Prep,60-604000.000 - Fee,Material - Material,,,,,,,,$0.00,$0.00,$0.00,,,,,,0.0,$0.00,
138,Additional Flooring Prep,9-93000.000 - Tile,Subcontract - Subcontract,,Additional Floor Prep at Level 4.,Precision Floors,SC-25-117-0930,ls,0.0,$0.00,$0.00,,$0.00,1.0,"$1,272.90","$1,272.90",,"$1,272.90","$1,272.90","-$1,272.90",
137,Credit for Storefronts,60-602020.000 - General Liability Insurance,Material - Material,,,,,,,,$0.00,$0.00,$0.00,,,,,,0.0,$0.00,
137,Credit for Storefronts,60-604000.000 - Fee,Material - Material,,,,,,,,$0.00,$0.00,$0.00,,,,,,0.0,$0.00,
137,Credit for Storefronts,,,,,,,,,,$0.00,,$0.00,,,$0.00,,,$0.00,$0.00,
136,"Contingency: Additional 24"" Grab Bars",60-602020.000 - General Liability Insurance,Material - Material,,,,,,,,$0.00,$0.00,$0.00,,,,,,0.0,$0.00,
136,"Contingency: Additional 24"" Grab Bars",60-604000.000 - Fee,Material - Material,,,,,,,,$0.00,$0.00,$0.00,,,,,,0.0,$0.00,
136,"Contingency: Additional 24"" Grab Bars",10-102800.000 - Toilet and Bath Accessories,Material - Material,,"Supply 25 additional 24"" grab bars for attic stock.","CBG Midwest, LLC dba BMSI",PO-25-117-104,ls,0.0,$0.00,$0.00,$938.00,$938.00,1.0,$938.00,$938.00,,$938.00,$938.00,$0.00,
136,"Contingency: Additional 24"" Grab Bars",60-601005.000 - Design Contingency,Material - Material,,"Supply 25 additional 24"" grab bars for attic stock.",,,ls,0.0,$0.00,$0.00,-$938.00,-$938.00,-1.0,$938.00,-$938.00,,,-$938.00,$0.00,
135,Added FE Cabinet and Extinguisher,60-602020.000 - General Liability Insurance,Material - Material,,,,,,,,$6.25,$0.00,$6.25,,,,,,0.0,$6.25,
135,Added FE Cabinet and Extinguisher,60-604000.000 - Fee,Material - Material,,,,,,,,$21.88,$0.00,$21.88,,,,,,0.0,$21.88,
135,Added FE Cabinet and Extinguisher,10-104413.000 - Fire Extinguishers and Cabinets,Material - Material,,Supply one additional FE cabinet and fire extinguisher at the 4th floor elevator lobby.,"CBG Midwest, LLC dba BMSI",PO-25-117-104,,1.0,$625.00,$625.00,,$625.00,1.0,$625.00,$625.00,,$625.00,$625.00,$0.00,
134,Contingency Use: Thickend Slab at Community Room Patio,60-602020.000 - General Liability Insurance,Material - Material,,,,,,,,$4.61,$0.00,$0.00,,,,,,0.0,$0.00,
134,Contingency Use: Thickend Slab at Community Room Patio,60-604000.000 - Fee,Material - Material,,,,,,,,$16.13,$0.00,$0.00,,,,,,0.0,$0.00,
134,Contingency Use: Thickend Slab at Community Room Patio,3-33000.000 - Cast in Place Concrete,Subcontract - Subcontract,,"Thickened slap for pergolas at community room patio,","Gresser Companies, Inc.",SC-25-117-030,,1.0,"$4,295.00","$4,295.00","$4,295.00","$4,295.00",1.0,"$3,834.16","$3,834.16",,"$4,295.00","$4,295.00",$0.00,
134,Contingency Use: Thickend Slab at Community Room Patio,60-601005.000 - Design Contingency,Material - Material,,"Thickened slap for pergolas at community room patio,",,,,-1.0,"$3,834.16","-$3,834.16","-$4,295.00","-$4,295.00",-1.0,"$3,834.16","-$3,834.16",,,"-$3,834.16",-$460.84,
133,Attic Stock Grab bars,60-602020.000 - General Liability Insurance,Material - Material,,,,,,,,$0.00,$0.00,$0.00,,,,,,0.0,$0.00,
133,Attic Stock Grab bars,60-604000.000 - Fee,Material - Material,,,,,,,,$0.00,$0.00,$0.00,,,,,,0.0,$0.00,
133,Attic Stock Grab bars,,,,,,,,,,$0.00,,$0.00,,,$0.00,,,$0.00,$0.00,
132,L2 Roof Membrane Repairs,60-602020.000 - General Liability Insurance,Material - Material,,,,,,,,$0.00,$0.00,$0.00,,,,,,0.0,$0.00,
132,L2 Roof Membrane Repairs,60-604000.000 - Fee,Material - Material,,,,,,,,$0.00,$0.00,$0.00,,,,,,0.0,$0.00,
132,L2 Roof Membrane Repairs,7-75000.000 - Membrane Roofing,Subcontract - Subcontract,,Rapairs to roof  membrand damagd during deck installs,"Highmark Exteriors, LLC",SC-25-117-0722,ls,0.0,$0.00,$0.00,,$0.00,1.0,"$3,846.00","$3,846.00",,"$3,846.00","$3,846.00","-$3,846.00",
132,L2 Roof Membrane Repairs,7-75000.000 - Membrane Roofing,Subcontract - Subcontract,,Rapairs to roof  membrand damagd during deck installs,Wolf Construction,SC-25-117-061,ls,0.0,$0.00,$0.00,,$0.00,-1.0,"$3,846.00","-$3,846.00",,"-$3,846.00","-$3,846.00","$3,846.00",
132,L2 Roof Membrane Repairs,6-61000.000 - Rough Carpentry Material,Material - Material,,Additional materials for Balcony at L2,McCarron's Building Center,PO-25-117-062,ls,0.0,$0.00,$0.00,,$0.00,1.0,"$2,329.13","$2,329.13",,"$2,329.13","$2,329.13","-$2,329.13",
132,L2 Roof Membrane Repairs,6-61000.000 - Rough Carpentry Material,Material - Material,,Additional materials for Balcony at L2,Wolf Construction,SC-25-117-061,ls,0.0,$0.00,$0.00,,$0.00,-1.0,"$2,329.13","-$2,329.13",,,"-$2,329.13","$2,329.13",
131,Contingency: ASI 013,60-602020.000 - General Liability Insurance,Material - Material,,,,,,,,$0.00,$0.00,$0.00,,,,,,0.0,$0.00,
131,Contingency: ASI 013,60-604000.000 - Fee,Material - Material,,,,,,,,$0.00,$0.00,$0.00,,,,,,0.0,$0.00,
131,Contingency: ASI 013,9-93000.000 - Tile,Subcontract - Subcontract,,Add 2 additional tile per surround,Precision Floors,SC-25-117-0930,ls,0.0,$0.00,$0.00,"$4,965.44","$4,965.44",1.0,"$4,965.44","$4,965.44",,"$4,965.44","$4,965.44",$0.00,
131,Contingency: ASI 013,60-601005.000 - Design Contingency,Material - Material,,Add 2 additional tile per surround,,,ls,0.0,$0.00,$0.00,"-$4,965.44","-$4,965.44",-1.0,"$4,965.44","-$4,965.44",,,"-$4,965.44",$0.00,
130,Change the swing at the unit Corner Cabinets,60-602020.000 - General Liability Insurance,Material - Material,,,,,,,,$0.00,$0.00,$0.00,,,,,,0.0,$0.00,
130,Change the swing at the unit Corner Cabinets,60-604000.000 - Fee,Material - Material,,,,,,,,$0.00,$0.00,$0.00,,,,,,0.0,$0.00,
130,Change the swing at the unit Corner Cabinets,,,,,,,,,,$0.00,,$0.00,,,$0.00,,,$0.00,$0.00,
129,Access Panel Supply,60-602020.000 - General Liability Insurance,Material - Material,,,,,,,,$0.00,$0.00,$0.00,,,,,,0.0,$0.00,
129,Access Panel Supply,60-604000.000 - Fee,Material - Material,,,,,,,,$0.00,$0.00,$0.00,,,,,,0.0,$0.00,
129,Access Panel Supply,8-83113.000 - Access Doors and Panels,Material - Material,,"Supply 1 22.5"" x 48"" Insulated Access panel for ceiling mounted applications",Nystrom,PO-25-117-083,ls,0.0,$0.00,$0.00,,$0.00,1.0,$533.05,$533.05,,$533.05,$533.05,-$533.05,
128,Contingency Use: Winter Conditions ,60-602020.000 - General Liability Insurance,Material - Material,,,,,,,,$0.00,$0.00,$0.00,,,,,,0.0,$0.00,
128,Contingency Use: Winter Conditions ,60-604000.000 - Fee,Material - Material,,,,,,,,$0.00,$0.00,$0.00,,,,,,0.0,$0.00,
128,Contingency Use: Winter Conditions ,50-502000.000 - Winter Conditions,Material - Material,,"Temp gas for heat, ground stabilization,",,,ls,0.0,$0.00,$0.00,"$14,729.67","$14,729.67",1.0,"$14,729.67","$14,729.67",,,"$14,729.67",$0.00,
128,Contingency Use: Winter Conditions ,50-502000.000 - Winter Conditions,Material - Material,,Building envelope enclosures,Wolf Construction,SC-25-117-061,ls,0.0,$0.00,$0.00,"$1,762.50","$1,762.50",1.0,"$1,762.50","$1,762.50",,"$1,762.50","$1,762.50",$0.00,
128,Contingency Use: Winter Conditions ,60-601005.000 - Design Contingency,Material - Material,,Contingency Use,,,,0.0,$0.00,$0.00,"-$16,492.17","-$16,492.17",-1.0,"$16,492.17","-$16,492.17",,,"-$16,492.17",$0.00,
127,Gypcrete Remobilize ,60-602020.000 - General Liability Insurance,Material - Material,,,,,,,,$0.00,$0.00,$0.00,,,,,,0.0,$0.00,
127,Gypcrete Remobilize ,60-604000.000 - Fee,Material - Material,,,,,,,,$0.00,$0.00,$0.00,,,,,,0.0,$0.00,
127,Gypcrete Remobilize ,,,,,,,,,,$0.00,,$0.00,,,$0.00,,,$0.00,$0.00,
126,WDP-1 Supply,60-602020.000 - General Liability Insurance,Material - Material,,,,,,,,$0.00,$0.00,$0.00,,,,,,0.0,$0.00,
126,WDP-1 Supply,60-604000.000 - Fee,Material - Material,,,,,,,,$0.00,$0.00,$0.00,,,,,,0.0,$0.00,
126,WDP-1 Supply,6-64100.000 - Architectural Casework & Millwork,Material - Material,,Procure and finish WPD-1 for Common Area Kitchen Island,Alpine Cabinetry,PO-25-117-123,ls,0.0,$0.00,$0.00,,$0.00,1.0,"$4,500.00","$4,500.00",,"$4,500.00","$4,500.00","-$4,500.00",
125,Install Pergolas,60-602020.000 - General Liability Insurance,Material - Material,,,,,,,,$0.00,$0.00,$0.00,,,,,,0.0,$0.00,
125,Install Pergolas,60-604000.000 - Fee,Material - Material,,,,,,,,$0.00,$0.00,$0.00,,,,,,0.0,$0.00,
125,Install Pergolas,6-68700.000 - Pergolas,Subcontract - Subcontract,,Install two pergolas at patio,"D G Welding & Mfg., Inc.",SC-25-117-051,ls,0.0,$0.00,$0.00,,$0.00,1.0,"$9,600.00","$9,600.00",,"$9,600.00","$9,600.00","-$9,600.00",
124,Additional Framing Work,60-602020.000 - General Liability Insurance,Material - Material,,,,,,,,$0.00,$0.00,$0.00,,,,,,0.0,$0.00,
124,Additional Framing Work,60-604000.000 - Fee,Material - Material,,,,,,,,$0.00,$0.00,$0.00,,,,,,0.0,$0.00,
124,Additional Framing Work,6-61010.000 - Rough Carpentry Installation,Subcontract - Subcontract,,Additional framing work required on site,Wolf Construction,SC-25-117-061,ls,0.0,$0.00,$0.00,,$0.00,1.0,"$12,038.00","$12,038.00",,"$12,038.00","$12,038.00","-$12,038.00",
123,Corner Guards,60-602020.000 - General Liability Insurance,Material - Material,,,,,,,,$0.00,$0.00,$0.00,,,,,,0.0,$0.00,
123,Corner Guards,60-604000.000 - Fee,Material - Material,,,,,,,,$0.00,$0.00,$0.00,,,,,,0.0,$0.00,
123,Corner Guards,10-102600.000 - Wall and Door Protection,Material - Material,,Corner Guards,"CBG Midwest, LLC dba BMSI",PO-25-117-104,,0.0,$0.00,$0.00,,$0.00,1.0,$503.10,$503.10,,$503.10,$503.10,-$503.10,
122,Patio Grill,60-602020.000 - General Liability Insurance,Material - Material,,,,,,,,$29.42,$0.00,$29.42,,,,,,0.0,$29.42,
122,Patio Grill,60-604000.000 - Fee,Material - Material,,,,,,,,$102.98,$0.00,$102.98,,,,,,0.0,$102.98,
122,Patio Grill,11-113100.000 - Appliances,Material - Material,,Grill head and doors,All Inc.,SC-25-117-113,ls,1.0,"$2,942.22","$2,942.22",,"$2,942.22",1.0,"$2,942.22","$2,942.22",,"$2,942.22","$2,942.22",$0.00,
121,Remove L3 ADA Unit Floor Drain,60-602020.000 - General Liability Insurance,Material - Material,,,,,,,,$0.00,$0.00,$0.00,,,,,,0.0,$0.00,
121,Remove L3 ADA Unit Floor Drain,60-604000.000 - Fee,Material - Material,,,,,,,,$0.00,$0.00,$0.00,,,,,,0.0,$0.00,
121,Remove L3 ADA Unit Floor Drain,,,,,,,,,,$0.00,,$0.00,,,$0.00,,,$0.00,$0.00,
120,Added Soffit for HVAC at Common Area Restrooms,60-602020.000 - General Liability Insurance,Material - Material,,,,,,,,$0.00,$0.00,$0.00,,,,,,0.0,$0.00,
120,Added Soffit for HVAC at Common Area Restrooms,60-604000.000 - Fee,Material - Material,,,,,,,,$0.00,$0.00,$0.00,,,,,,0.0,$0.00,
120,Added Soffit for HVAC at Common Area Restrooms,,,,,,,,,,$0.00,,$0.00,,,$0.00,,,$0.00,$0.00,
119,Bidet outlet at unit 1102,60-602020.000 - General Liability Insurance,Material - Material,,,,,,,,$0.00,$0.00,$0.00,,,,,,0.0,$0.00,
119,Bidet outlet at unit 1102,60-604000.000 - Fee,Material - Material,,,,,,,,$0.00,$0.00,$0.00,,,,,,0.0,$0.00,
119,Bidet outlet at unit 1102,,,,,,,,,,$0.00,,$0.00,,,$0.00,,,$0.00,$0.00,
118,Wall Covering (WCP-1) at existing reception.,60-602020.000 - General Liability Insurance,Material - Material,,,,,,,,$0.00,$0.00,$0.00,,,,,,0.0,$0.00,
118,Wall Covering (WCP-1) at existing reception.,60-604000.000 - Fee,Material - Material,,,,,,,,$0.00,$0.00,$0.00,,,,,,0.0,$0.00,
118,Wall Covering (WCP-1) at existing reception.,,,,,,,,,,$0.00,,$0.00,,,$0.00,,,$0.00,$0.00,
117,Pergola Install,60-602020.000 - General Liability Insurance,Material - Material,,,,,,,,$0.00,$0.00,$0.00,,,,,,0.0,$0.00,
117,Pergola Install,60-604000.000 - Fee,Material - Material,,,,,,,,$0.00,$0.00,$0.00,,,,,,0.0,$0.00,
117,Pergola Install,6-68700.000 - Pergolas,Subcontract - Subcontract,,Install two fiberglass pergolas at the patio plan south of community room 115.,"D G Welding & Mfg., Inc.",SC-25-117-051,ls,0.0,$0.00,$0.00,,$0.00,1.0,"$9,600.00","$9,600.00",,,"$9,600.00","-$9,600.00",
116,Elevator Divider Beams,60-602020.000 - General Liability Insurance,Material - Material,,,,,,,,$0.00,$0.00,$0.00,,,,,,0.0,$0.00,
116,Elevator Divider Beams,60-604000.000 - Fee,Material - Material,,,,,,,,$0.00,$0.00,$0.00,,,,,,0.0,$0.00,
116,Elevator Divider Beams,5-51200.000 - Structural Steel,Subcontract - Subcontract,,Reinstall elevator divider beams due to head room issue,"D G Welding & Mfg., Inc.",SC-25-117-051,ls,0.0,$0.00,$0.00,,$0.00,1.0,$900.00,$900.00,,$900.00,$900.00,-$900.00,
115,Trellis Materials,60-602020.000 - General Liability Insurance,Material - Material,,,,,,,,$0.00,$0.00,$0.00,,,,,,0.0,$0.00,
115,Trellis Materials,60-604000.000 - Fee,Material - Material,,,,,,,,$0.00,$0.00,$0.00,,,,,,0.0,$0.00,
115,Trellis Materials,6-61000.000 - Rough Carpentry Material,Material - Material,,Additional materials for attached trellis.,McCarron's Building Center,PO-25-117-062,ls,0.0,$0.00,$0.00,,$0.00,1.0,"$1,032.67","$1,032.67",,"$1,032.67","$1,032.67","-$1,032.67",
114,Window Treatment Opacity ,60-602020.000 - General Liability Insurance,Material - Material,,,,,,,,-$12.50,$0.00,$0.00,,,,,,0.0,$0.00,
114,Window Treatment Opacity ,60-604000.000 - Fee,Material - Material,,,,,,,,-$43.75,$0.00,$0.00,,,,,,0.0,$0.00,
114,Window Treatment Opacity ,12-122000.000 - Window Treatments,Subcontract - Subcontract,,Credit for change from 1% light filtering at all locations to 1% at unit bedrooms and 3% at unit living areas.,CE Contract,SC-25-117-122,ls,-1.0,"$1,250.00","-$1,250.00","-$1,250.00","-$1,250.00",-1.0,"$1,250.00","-$1,250.00",,"-$1,250.00","-$1,250.00",$0.00,
113,Additional Shower Rods for Units,60-602020.000 - General Liability Insurance,Material - Material,,,,,,,,$0.00,$0.00,$0.00,,,,,,0.0,$0.00,
113,Additional Shower Rods for Units,60-604000.000 - Fee,Material - Material,,,,,,,,$0.00,$0.00,$0.00,,,,,,0.0,$0.00,
113,Additional Shower Rods for Units,10-102800.000 - Toilet and Bath Accessories,Material - Material,,Supply additional shower rods,"CBG Midwest, LLC dba BMSI",PO-25-117-104,ls,0.0,$0.00,$0.00,,$0.00,1.0,"$5,062.85","$5,062.85",,"$5,062.85","$5,062.85","-$5,062.85",
112,Auto-Operator at Opening 004 Pet Spa,60-602020.000 - General Liability Insurance,Material - Material,,,,,,,,$0.00,$0.00,$0.00,,,,,,0.0,$0.00,
112,Auto-Operator at Opening 004 Pet Spa,60-604000.000 - Fee,Material - Material,,,,,,,,$0.00,$0.00,$0.00,,,,,,0.0,$0.00,
112,Auto-Operator at Opening 004 Pet Spa,8-84000.000 - Aluminum Entrances and Storefronts,Subcontract - Subcontract,,Add Auto-operator at opening 004 Pet Spa,Artic Glass Company,SC-25-117-0840,ls,1.0,"$6,600.00","$6,600.00","$6,600.00","$6,600.00",1.0,"$6,600.00","$6,600.00",,"$6,600.00","$6,600.00",$0.00,
112,Auto-Operator at Opening 004 Pet Spa,60-601005.000 - Design Contingency,Material - Material,,Contingency use for 004 Pet Spa Auto-operator,,,ls,-1.0,"$6,600.00","-$6,600.00","-$6,600.00","-$6,600.00",-1.0,"$6,600.00","-$6,600.00",,,"-$6,600.00",$0.00,
111,Auto-Operator at Opening 001 Elevator Lobby,60-602020.000 - General Liability Insurance,Material - Material,,,,,,,,$0.00,$0.00,$0.00,,,,,,0.0,$0.00,
111,Auto-Operator at Opening 001 Elevator Lobby,60-604000.000 - Fee,Material - Material,,,,,,,,$0.00,$0.00,$0.00,,,,,,0.0,$0.00,
111,Auto-Operator at Opening 001 Elevator Lobby,8-84000.000 - Aluminum Entrances and Storefronts,Subcontract - Subcontract,,Add Auto-operator at opening 001 Elevator Lobby,Artic Glass Company,SC-25-117-0840,ls,0.0,$0.00,$0.00,,$0.00,1.0,"$6,600.00","$6,600.00",,"$6,600.00","$6,600.00","-$6,600.00",
110,ASI 012 - Trash Chute Exhaust ,60-602020.000 - General Liability Insurance,Material - Material,,,,,,,,$0.00,$0.00,$0.00,,,,,,0.0,$0.00,
110,ASI 012 - Trash Chute Exhaust ,60-604000.000 - Fee,Material - Material,,,,,,,,$0.00,$0.00,$0.00,,,,,,0.0,$0.00,
110,ASI 012 - Trash Chute Exhaust ,26-260000.000 - Electrical,Subcontract - Subcontract,,Supply power to exhaust fan,"Berd Electric, LLC",SC-25-117-260,ls,0.0,$0.00,$0.00,$715.00,$715.00,1.0,$715.00,$715.00,,$715.00,$715.00,$0.00,
110,ASI 012 - Trash Chute Exhaust ,23-230000.000 - HVAC,Subcontract - Subcontract,,Rework installed / remove duct work for at trash chutes and reinstalling an exhaust fan.,J-Berd Mechanical Contractors,SC-25-117-220,ls,0.0,$0.00,$0.00,"$2,945.00","$2,945.00",1.0,"$2,945.00","$2,945.00",,"$2,945.00","$2,945.00",$0.00,
110,ASI 012 - Trash Chute Exhaust ,60-601005.000 - Design Contingency,Material - Material,,Trash chute exhaust changes per ASI 012,,,,0.0,$0.00,$0.00,"-$3,660.00","-$3,660.00",-1.0,"$3,660.00","-$3,660.00",,,"-$3,660.00",$0.00,
109,Sprinkler Piping at Lower Level,60-602020.000 - General Liability Insurance,Material - Material,,,,,,,,$0.00,$0.00,$0.00,,,,,,0.0,$0.00,
109,Sprinkler Piping at Lower Level,60-604000.000 - Fee,Material - Material,,,,,,,,$0.00,$0.00,$0.00,,,,,,0.0,$0.00,
109,Sprinkler Piping at Lower Level,,,,,,,,,,$0.00,,$0.00,,,$0.00,,,$0.00,$0.00,
108,Ground Break Flashing,60-602020.000 - General Liability Insurance,Material - Material,,,,,,,,$0.00,$0.00,$0.00,,,,,,0.0,$0.00,
108,Ground Break Flashing,60-604000.000 - Fee,Material - Material,,,,,,,,$0.00,$0.00,$0.00,,,,,,0.0,$0.00,
108,Ground Break Flashing,7-74600.000 - Siding,Subcontract - Subcontract,,"Furnish all labor, materials, and equipment required to install ground break flashing","Highmark Exteriors, LLC",SC-25-117-0722,ls,0.0,$0.00,$0.00,,$0.00,1.0,"$18,956.00","$18,956.00",,"$18,956.00","$18,956.00","-$18,956.00",
107,Expansion Joint,60-602020.000 - General Liability Insurance,Material - Material,,,,,,,,$0.00,$0.00,$0.00,,,,,,0.0,$0.00,
107,Expansion Joint,60-604000.000 - Fee,Material - Material,,,,,,,,$0.00,$0.00,$0.00,,,,,,0.0,$0.00,
107,Expansion Joint,7-79500.000 - Expansion Joints,Subcontract - Subcontract,,"6"" expansion joint at building connection from exiting to new construction. ",Carciofini Company,SC-25-117-0795,ls,0.0,$0.00,$0.00,,$0.00,1.0,"$7,695.00","$7,695.00",,"$7,695.00","$7,695.00","-$7,695.00",
106,Replace Damaged Cabinet ,60-602020.000 - General Liability Insurance,Material - Material,,,,,,,,$0.00,$0.00,$0.00,,,,,,0.0,$0.00,
106,Replace Damaged Cabinet ,60-604000.000 - Fee,Material - Material,,,,,,,,$0.00,$0.00,$0.00,,,,,,0.0,$0.00,
106,Replace Damaged Cabinet ,12-123530.000 - Residential Casework,Material - Material,,Cost to replace cabinet damage cabinet at model unit 1119 damaged by HVAC magic pak install.,Alpine Cabinetry,PO-25-117-123,ls,0.0,$0.00,$0.00,,$0.00,1.0,"$1,135.31","$1,135.31",,"$1,135.31","$1,135.31","-$1,135.31",
105,Add Adjustable Shelving at Linen Restroom,60-602020.000 - General Liability Insurance,Material - Material,,,,,,,,$0.00,$0.00,$0.00,,,,,,0.0,$0.00,
105,Add Adjustable Shelving at Linen Restroom,60-604000.000 - Fee,Material - Material,,,,,,,,$0.00,$0.00,$0.00,,,,,,0.0,$0.00,
105,Add Adjustable Shelving at Linen Restroom,12-123530.000 - Residential Casework,Material - Material,,Add one adjustable shelving to the lower linen cabinet at unit bathrooms.,Alpine Cabinetry,PO-25-117-123,ls,0.0,$0.00,$0.00,"$1,027.19","$1,027.19",1.0,"$1,027.19","$1,027.19",,"$1,027.19","$1,027.19",$0.00,
105,Add Adjustable Shelving at Linen Restroom,60-601005.000 - Design Contingency,Material - Material,,Add one adjustable shelving to the lower linen cabinet at unit bathrooms.,,,ls,0.0,$0.00,$0.00,"-$1,027.19","-$1,027.19",-1.0,"$1,027.19","-$1,027.19",,,"-$1,027.19",$0.00,
104,Administrative Update to Milestone Terminology (Ref: PCO 008),60-602020.000 - General Liability Insurance,Material - Material,,,,,,,,$0.00,$0.00,$0.00,,,,,,0.0,$0.00,
104,Administrative Update to Milestone Terminology (Ref: PCO 008),60-604000.000 - Fee,Material - Material,,,,,,,,$0.00,$0.00,$0.00,,,,,,0.0,$0.00,
104,Administrative Update to Milestone Terminology (Ref: PCO 008),,,,,,,,0.0,$0.00,$0.00,$0.00,$0.00,0.0,$0.00,$0.00,,,$0.00,$0.00,
103,ASI 011,60-602020.000 - General Liability Insurance,Material - Material,,,,,,,,$0.00,$0.00,$0.00,,,,,,0.0,$0.00,
103,ASI 011,60-604000.000 - Fee,Material - Material,,,,,,,,$0.00,$0.00,$0.00,,,,,,0.0,$0.00,
103,ASI 011,,,,,,,,,,$0.00,,$0.00,,,$0.00,,,$0.00,$0.00,
102,Ph 1 Corridor Removal,60-602020.000 - General Liability Insurance,Material - Material,,,,,,,,$0.00,$0.00,$0.00,,,,,,0.0,$0.00,
102,Ph 1 Corridor Removal,60-604000.000 - Fee,Material - Material,,,,,,,,$0.00,$0.00,$0.00,,,,,,0.0,$0.00,
102,Ph 1 Corridor Removal,2-24100.000 - Demolition,Subcontract - Subcontract,,Deduct for ASI 006 Demo,"Lloyd's Construction Services, Inc.",SC-25-117-022,ls,0.0,$0.00,$0.00,,$0.00,-1.0,"$2,040.00","-$2,040.00",,"-$2,040.00","-$2,040.00","$2,040.00",
102,Ph 1 Corridor Removal,2-24100.000 - Demolition,Subcontract - Subcontract,,Remove flooring at phase 1,Precision Floors,SC-25-117-093,ls,0.0,$0.00,$0.00,,$0.00,1.0,"$1,674.81","$1,674.81",,"$1,674.81","$1,674.81","-$1,674.81",
101,Additonal Building Wrap Materials,60-602020.000 - General Liability Insurance,Material - Material,,,,,,,,$0.00,$0.00,$0.00,,,,,,0.0,$0.00,
101,Additonal Building Wrap Materials,60-604000.000 - Fee,Material - Material,,,,,,,,$0.00,$0.00,$0.00,,,,,,0.0,$0.00,
101,Additonal Building Wrap Materials,8-85413.000 - Windows and Patio Doors,Material - Material,,,JB Construction Company,PO-25-117-725,ls,0.0,$0.00,$0.00,,$0.00,1.0,"$4,566.12","$4,566.12",,"$4,566.12","$4,566.12","-$4,566.12",
100,Winter Conditions,60-602020.000 - General Liability Insurance,Material - Material,,,,,,,,$217.76,$217.76,$217.76,,,,,,0.0,$217.76,
100,Winter Conditions,60-604000.000 - Fee,Material - Material,,,,,,,,$762.16,$762.16,$762.16,,,,,,0.0,$762.16,
100,Winter Conditions,50-502000.000 - Winter Conditions,Material - Material,,Current natural gas charges from CenterPoint Energy for the Orchard Path project through 02/16/2026.,,,ls,1.0,"$21,775.99","$21,775.99","$21,775.99","$21,775.99",1.0,"$21,775.99","$21,775.99",,,"$21,775.99",$0.00,
099,Dedicated Circuits at Cardio 108,60-602020.000 - General Liability Insurance,Material - Material,,,,,,,,$8.00,$8.00,$8.00,,,,,,0.0,$8.00,
099,Dedicated Circuits at Cardio 108,60-604000.000 - Fee,Material - Material,,,,,,,,$28.00,$28.00,$28.00,,,,,,0.0,$28.00,
099,Dedicated Circuits at Cardio 108,26-260000.000 - Electrical,Subcontract - Subcontract,,Added dedicated circuits to the tree circuits at the north wall for equipment at Cardio 108.,"Berd Electric, LLC",SC-25-117-260,ls,1.0,$800.00,$800.00,$800.00,$800.00,1.0,$800.00,$800.00,,$800.00,$800.00,$0.00,
098,Project Insulation,60-602020.000 - General Liability Insurance,Material - Material,,,,,,,,-$414.76,$0.00,-$414.76,,,,,,0.0,-$414.76,
098,Project Insulation,60-604000.000 - Fee,Material - Material,,,,,,,,"-$1,451.67",$0.00,"-$1,451.67",,,,,,0.0,"-$1,451.67",
098,Project Insulation,7-72100.000 - Thermal Insulation,Subcontract - Subcontract,,Additional purchase of blow-in insulation for project.,Voeller Insulation Inc.,SC-25-117-0721,ls,-1.0,"$41,476.26","-$41,476.26",,"-$41,476.26",-1.0,"$41,476.26","-$41,476.26",,"-$41,476.26","-$41,476.26",$0.00,
097,Project Insulation,60-602020.000 - General Liability Insurance,Material - Material,,,,,,,,$0.00,$0.00,$0.00,,,,,,0.0,$0.00,
097,Project Insulation,60-604000.000 - Fee,Material - Material,,,,,,,,$0.00,$0.00,$0.00,,,,,,0.0,$0.00,
097,Project Insulation,7-72100.000 - Thermal Insulation,Subcontract - Subcontract,,Purchase of insulation,Voeller Insulation Inc.,SC-25-117-0721,ls,0.0,$0.00,$0.00,,$0.00,-1.0,"$41,476.26","-$41,476.26",,"-$41,476.26","-$41,476.26","$41,476.26",
096,Unit 3101 Flooring and Outlet,60-602020.000 - General Liability Insurance,Material - Material,,,,,,,,$9.10,$9.10,$9.10,,,,,,0.0,$9.10,
096,Unit 3101 Flooring and Outlet,60-604000.000 - Fee,Material - Material,,,,,,,,$31.85,$31.85,$31.85,,,,,,0.0,$31.85,
096,Unit 3101 Flooring and Outlet,9-96500.000 - Resilient Flooring,Subcontract - Subcontract,,Replace carpet in 2nd bedroom with LVT.,Precision Floors,SC-25-117-093,ls,1.0,$825.00,$825.00,$825.00,$825.00,1.0,$825.00,$825.00,,$825.00,$825.00,$0.00,
096,Unit 3101 Flooring and Outlet,26-260000.000 - Electrical,Subcontract - Subcontract,,Add outlet for bidet toilet in primary bedroom. ,"Berd Electric, LLC",SC-25-117-260,ls,1.0,$85.00,$85.00,$85.00,$85.00,1.0,$85.00,$85.00,,$85.00,$85.00,$0.00,
095,Additional Rock for Entrance,60-602020.000 - General Liability Insurance,Material - Material,,,,,,,,$0.00,$0.00,$0.00,,,,,,0.0,$0.00,
095,Additional Rock for Entrance,60-604000.000 - Fee,Material - Material,,,,,,,,$0.00,$0.00,$0.00,,,,,,0.0,$0.00,
095,Additional Rock for Entrance,2-29045.000 - Temp Access Roads,Material - Material,,Additional rock for construction entrance.,"Minnesota Utilities & Excavating, LLC",SC-25-117-310,ls,0.0,$0.00,$0.00,,$0.00,1.0,"$1,046.00","$1,046.00",,"$1,046.00","$1,046.00","-$1,046.00",
094,Long Vent ADA Dryers,60-602020.000 - General Liability Insurance,Material - Material,,,,,,,,$0.71,$0.00,$0.71,,,,,,0.0,$0.71,
094,Long Vent ADA Dryers,60-604000.000 - Fee,Material - Material,,,,,,,,$2.50,$0.00,$2.50,,,,,,0.0,$2.50,
094,Long Vent ADA Dryers,11-113100.000 - Appliances,Material - Material,,Supply two long vent ADA dryers in lieu of standard vent dryers. Unit 1113 & 3106.,All Inc.,SC-25-117-113,ls,1.0,$71.37,$71.37,,$71.37,1.0,$71.37,$71.37,,$71.37,$71.37,$0.00,
091,Dedicated Circuit at Cardio 108,60-602020.000 - General Liability Insurance,Material - Material,,,,,,,,$0.00,$0.00,$0.00,,,,,,0.0,$0.00,
091,Dedicated Circuit at Cardio 108,60-604000.000 - Fee,Material - Material,,,,,,,,$0.00,$0.00,$0.00,,,,,,0.0,$0.00,
091,Dedicated Circuit at Cardio 108,,,,,,,,,,$0.00,,$0.00,,,$0.00,,,$0.00,$0.00,
090,Auto-flush Valves ,60-602020.000 - General Liability Insurance,Material - Material,,,,,,,,$0.00,$0.00,$0.00,,,,,,0.0,$0.00,
090,Auto-flush Valves ,60-604000.000 - Fee,Material - Material,,,,,,,,$0.00,$0.00,$0.00,,,,,,0.0,$0.00,
090,Auto-flush Valves ,,,,,,,,,,$0.00,,$0.00,,,$0.00,,,$0.00,$0.00,
089,Additional Insulation,60-602020.000 - General Liability Insurance,Material - Material,,,,,,,,$0.00,$0.00,$0.00,,,,,,0.0,$0.00,
089,Additional Insulation,60-604000.000 - Fee,Material - Material,,,,,,,,$0.00,$0.00,$0.00,,,,,,0.0,$0.00,
089,Additional Insulation,7-72100.000 - Thermal Insulation,Subcontract - Subcontract,,Additional Insulation,Voeller Insulation Inc.,SC-25-117-0721,ls,0.0,$0.00,$0.00,,$0.00,1.0,"$14,890.00","$14,890.00",,"$14,890.00","$14,890.00","-$14,890.00",
088,Additional Mirrors,60-602020.000 - General Liability Insurance,Material - Material,,,,,,,,$0.00,$0.00,$0.00,,,,,,0.0,$0.00,
088,Additional Mirrors,60-604000.000 - Fee,Material - Material,,,,,,,,$0.00,$0.00,$0.00,,,,,,0.0,$0.00,
088,Additional Mirrors,8-88330.000 - Mirrors,Subcontract - Subcontract,,Additional Mirrors,North American Art,SC-25-117-088,ls,0.0,$0.00,$0.00,,$0.00,1.0,$974.68,$974.68,,$974.68,$974.68,-$974.68,
087,Additional Caulking,60-602020.000 - General Liability Insurance,Material - Material,,,,,,,,$0.00,$0.00,$0.00,,,,,,0.0,$0.00,
087,Additional Caulking,60-604000.000 - Fee,Material - Material,,,,,,,,$0.00,$0.00,$0.00,,,,,,0.0,$0.00,
087,Additional Caulking,7-79200.000 - Joint Sealants,Subcontract - Subcontract,,Additional Caulking,Contract Caulking Inc.,SC-25-117-079 ,ls,0.0,$0.00,$0.00,,$0.00,1.0,"$1,005.00","$1,005.00",,"$1,005.00","$1,005.00","-$1,005.00",
086,Additional Plumbing and Tubs,60-602020.000 - General Liability Insurance,Material - Material,,,,,,,,$0.00,$0.00,$0.00,,,,,,0.0,$0.00,
086,Additional Plumbing and Tubs,60-604000.000 - Fee,Material - Material,,,,,,,,$0.00,$0.00,$0.00,,,,,,0.0,$0.00,
086,Additional Plumbing and Tubs,22-220000.000 - Plumbing,Subcontract - Subcontract,,Additional Plumbing and Tubs,J-Berd Mechanical Contractors,SC-25-117-220,ls,0.0,$0.00,$0.00,,$0.00,1.0,"$12,745.00","$12,745.00",,"$12,745.00","$12,745.00","-$12,745.00",
085,Quartz Windowsill and Unit Vanity Tops,60-602020.000 - General Liability Insurance,Material - Material,,,,,,,,-$242.59,$0.00,$0.00,,,,,,0.0,$0.00,
085,Quartz Windowsill and Unit Vanity Tops,60-604000.000 - Fee,Material - Material,,,,,,,,-$849.06,$0.00,$0.00,,,,,,0.0,$0.00,
085,Quartz Windowsill and Unit Vanity Tops,12-123640.000 - Residential Countertops,Subcontract - Subcontract,,Substitute originally selected cultured marble with Miami White Quartz for all windowsills & unit vanity tops,Leon's Countertops,SC-25-117-123,ls,-1.0,"$24,258.80","-$24,258.80","-$24,258.80","-$24,258.80",-1.0,"$24,258.80","-$24,258.80",,"-$24,258.80","-$24,258.80",$0.00,
084,Winter Conditions,60-602020.000 - General Liability Insurance,Material - Material,,,,,,,,$492.97,$492.97,$492.97,,,,,,0.0,$492.97,
084,Winter Conditions,60-604000.000 - Fee,Material - Material,,,,,,,,"$1,725.38","$1,725.38","$1,725.38",,,,,,0.0,"$1,725.38",
084,Winter Conditions,50-502000.000 - Winter Conditions,Material - Material,,Temp heat rental and utilities,,,ls,1.0,"$49,296.67","$49,296.67","$49,296.67","$49,296.67",1.0,"$49,296.67","$49,296.67",,,"$49,296.67",$0.00,
083,ASI 010,60-602020.000 - General Liability Insurance,Material - Material,,,,,,,,$37.99,$37.99,$37.99,,,,,,0.0,$37.99,
083,ASI 010,60-604000.000 - Fee,Material - Material,,,,,,,,$132.97,$132.97,$132.97,,,,,,0.0,$132.97,
083,ASI 010,8-84000.000 - Aluminum Entrances and Storefronts,Subcontract - Subcontract,,Add holes in mirrors for ballet bar at cardio room,Artic Glass Company,SC-25-117-0840,ls,1.0,$466.00,$466.00,$466.00,$466.00,1.0,$466.00,$466.00,,$466.00,$466.00,$0.00,
083,ASI 010,6-62200.000 - Millwork,Material - Material,,Add ballet bar in Cardio room,Builders Millwork Inc,PO-25-117-081,ls,1.0,$333.00,$333.00,$333.00,$333.00,1.0,$333.00,$333.00,,$333.00,$333.00,$0.00,
083,ASI 010,9-95123.000 - Acoustical Tile Ceilings,Subcontract - Subcontract,,Community room 115 ACP-1 ceiling dimension changes,"Minnesota Acoustics, Inc.",SC-25-117-095,ls,1.0,"$3,000.00","$3,000.00","$3,000.00","$3,000.00",1.0,"$3,000.00","$3,000.00",,"$3,000.00","$3,000.00",$0.00,
082,Contingency: Added Fire Extinguishers Phase 1,60-602020.000 - General Liability Insurance,Material - Material,,,,,,,,$0.00,$0.00,$0.00,,,,,,0.0,$0.00,
082,Contingency: Added Fire Extinguishers Phase 1,60-604000.000 - Fee,Material - Material,,,,,,,,$0.00,$0.00,$0.00,,,,,,0.0,$0.00,
082,Contingency: Added Fire Extinguishers Phase 1,10-104413.000 - Fire Extinguishers and Cabinets,Material - Material,,Add three FEC and extinguishers to phase 1.,"CBG Midwest, LLC dba BMSI",PO-25-117-104,,1.0,"$1,148.00","$1,148.00","$1,148.00","$1,148.00",1.0,"$1,148.00","$1,148.00",,"$1,148.00","$1,148.00",$0.00,
082,Contingency: Added Fire Extinguishers Phase 1,60-601005.000 - Design Contingency,Material - Material,,Contingency Use: Supply and install three FEC and extinguishers to phase 1.,,,,-1.0,"$1,148.00","-$1,148.00","-$1,148.00","-$1,148.00",-1.0,"$1,148.00","-$1,148.00",,,"-$1,148.00",$0.00,
081,Contingency: Unit Lighting Control Changes,60-602020.000 - General Liability Insurance,Material - Material,,,,,,,,$0.00,$0.00,$0.00,,,,,,0.0,$0.00,
081,Contingency: Unit Lighting Control Changes,60-604000.000 - Fee,Material - Material,,,,,,,,$0.00,$0.00,$0.00,,,,,,0.0,$0.00,
081,Contingency: Unit Lighting Control Changes,26-260000.000 - Electrical,Subcontract - Subcontract,,"Unit Lighting Control Changes: B1, C1, C2, F","Berd Electric, LLC",SC-25-117-260,ls,1.0,"$3,975.00","$3,975.00","$3,975.00","$3,975.00",1.0,"$3,975.00","$3,975.00",,"$3,975.00","$3,975.00",$0.00,
081,Contingency: Unit Lighting Control Changes,60-601005.000 - Design Contingency,Material - Material,,"Unit Lighting Control Changes: B1, C1, C2, F",,,,-1.0,"$3,975.00","-$3,975.00","-$3,975.00","-$3,975.00",-1.0,"$3,975.00","-$3,975.00",,,"-$3,975.00",$0.00,
080,Balance to complete ACT Contract,60-602020.000 - General Liability Insurance,Material - Material,,,,,,,,$0.00,$0.00,$0.00,,,,,,0.0,$0.00,
080,Balance to complete ACT Contract,60-604000.000 - Fee,Material - Material,,,,,,,,$0.00,$0.00,$0.00,,,,,,0.0,$0.00,
080,Balance to complete ACT Contract,9-95123.000 - Acoustical Tile Ceilings,Subcontract - Subcontract,,Balance to complete ACT Contract,"Minnesota Acoustics, Inc.",SC-25-117-095,ls,0.0,$0.00,$0.00,,$0.00,1.0,"$14,900.00","$14,900.00",,"$14,900.00","$14,900.00","-$14,900.00",
079,Additional Build Wrap,60-602020.000 - General Liability Insurance,Material - Material,,,,,,,,$0.00,$0.00,$0.00,,,,,,0.0,$0.00,
079,Additional Build Wrap,60-604000.000 - Fee,Material - Material,,,,,,,,$0.00,$0.00,$0.00,,,,,,0.0,$0.00,
079,Additional Build Wrap,8-85413.000 - Windows and Patio Doors,Material - Material,,Additional building wrap materials,JB Construction Company,PO-25-117-725,ls,0.0,$0.00,$0.00,,$0.00,1.0,"$6,922.16","$6,922.16",,"$6,922.16","$6,922.16","-$6,922.16",
078,Supply Toilet Partitions,60-602020.000 - General Liability Insurance,Material - Material,,,,,,,,$94.80,$0.00,$94.80,,,,,,0.0,$94.80,
078,Supply Toilet Partitions,60-604000.000 - Fee,Material - Material,,,,,,,,$331.80,$0.00,$331.80,,,,,,0.0,$331.80,
078,Supply Toilet Partitions,10-102113.000 - Toilet Partitions,Material - Material,,Supply all plastic toilet partitions.,"CBG Midwest, LLC dba BMSI",PO-25-117-104,ls,1.0,"$9,480.00","$9,480.00",,"$9,480.00",1.0,"$9,480.00","$9,480.00",,"$9,480.00","$9,480.00",$0.00,
077,Contingency: Bike Racks,60-602020.000 - General Liability Insurance,Material - Material,,,,,,,,$0.00,$0.00,$0.00,,,,,,0.0,$0.00,
077,Contingency: Bike Racks,60-604000.000 - Fee,Material - Material,,,,,,,,$0.00,$0.00,$0.00,,,,,,0.0,$0.00,
077,Contingency: Bike Racks,12-129313.000 - Bike Equipment and Racks,Material - Material,,Supply Two Dero Rolling Racks and  Three SportWorks Tofini E-Racks,"CBG Midwest, LLC dba BMSI",PO-25-117-104,ls,1.0,"$2,945.00","$2,945.00","$2,945.00","$2,945.00",1.0,"$2,945.00","$2,945.00",,"$2,945.00","$2,945.00",$0.00,
077,Contingency: Bike Racks,60-601005.000 - Design Contingency,Material - Material,,Supply Two Dero Rolling Racks and  Three SportWorks Tofini E-Racks,,,,-1.0,"$2,945.00","-$2,945.00","-$2,945.00","-$2,945.00",-1.0,"$2,945.00","-$2,945.00",,,"-$2,945.00",$0.00,
076,Remodel Work at Existing,60-602020.000 - General Liability Insurance,Material - Material,,,,,,,,$0.00,$0.00,$0.00,,,,,,0.0,$0.00,
076,Remodel Work at Existing,60-604000.000 - Fee,Material - Material,,,,,,,,$0.00,$0.00,$0.00,,,,,,0.0,$0.00,
076,Remodel Work at Existing,6-61010.000 - Rough Carpentry Installation,Subcontract - Subcontract,,Additional rough carpentry at existing building and misc. framing.,Wolf Construction,SC-25-117-061,ls,0.0,$0.00,$0.00,,$0.00,1.0,"$11,700.00","$11,700.00",,"$11,700.00","$11,700.00","-$11,700.00",
075,Contingency: Window Treatments,60-602020.000 - General Liability Insurance,Material - Material,,,,,,,,$0.00,$0.00,$0.00,,,,,,0.0,$0.00,
075,Contingency: Window Treatments,60-604000.000 - Fee,Material - Material,,,,,,,,$0.00,$0.00,$0.00,,,,,,0.0,$0.00,
075,Contingency: Window Treatments,12-122000.000 - Window Treatments,Subcontract - Subcontract,,Delta between Window Treatment Allowance and Selections,,,ls,1.0,"$23,250.00","$23,250.00","$23,250.00","$23,250.00",1.0,"$23,250.00","$23,250.00",,,"$23,250.00",$0.00,
075,Contingency: Window Treatments,60-601005.000 - Design Contingency,Material - Material,,Delta between Window Treatment Allowance and Selections,,,ls,-1.0,"$23,250.00","-$23,250.00","-$23,250.00","-$23,250.00",-1.0,"$23,250.00","-$23,250.00",,,"-$23,250.00",$0.00,
074,Contingency: Latch Guards and Store Front Reinforcement ,60-602020.000 - General Liability Insurance,Material - Material,,,,,,,,$0.00,$0.00,$0.00,,,,,,0.0,$0.00,
074,Contingency: Latch Guards and Store Front Reinforcement ,60-604000.000 - Fee,Material - Material,,,,,,,,$0.00,$0.00,$0.00,,,,,,0.0,$0.00,
074,Contingency: Latch Guards and Store Front Reinforcement ,8-84000.000 - Aluminum Entrances and Storefronts,Subcontract - Subcontract,,Reinforce latch side mullions & latch guards,Artic Glass Company,SC-25-117-0840,ls,0.0,$0.00,$0.00,"$2,147.00","$2,147.00",1.0,"$2,147.00","$2,147.00",,"$2,147.00","$2,147.00",$0.00,
074,Contingency: Latch Guards and Store Front Reinforcement ,60-601005.000 - Design Contingency,Material - Material,,Reinforce latch side mullions & latch guards,,,ls,0.0,$0.00,$0.00,"-$2,147.00","-$2,147.00",-1.0,"$2,147.00","-$2,147.00",,,"-$2,147.00",$0.00,
073,Column Materials   ,60-602020.000 - General Liability Insurance,Material - Material,,,,,,,,$0.00,$0.00,$0.00,,,,,,0.0,$0.00,
073,Column Materials   ,60-604000.000 - Fee,Material - Material,,,,,,,,$0.00,$0.00,$0.00,,,,,,0.0,$0.00,
073,Column Materials   ,6-61000.000 - Rough Carpentry Material,Material - Material,,Supply 7/16 OSB for columns,McCarron's Building Center,PO-25-117-062,ls,0.0,$0.00,$0.00,,$0.00,1.0,"$2,901.23","$2,901.23",,"$2,901.23","$2,901.23","-$2,901.23",
072,Additional Build Wrap,60-602020.000 - General Liability Insurance,Material - Material,,,,,,,,$0.00,$0.00,$0.00,,,,,,0.0,$0.00,
072,Additional Build Wrap,60-604000.000 - Fee,Material - Material,,,,,,,,$0.00,$0.00,$0.00,,,,,,0.0,$0.00,
072,Additional Build Wrap,8-85413.000 - Windows and Patio Doors,Material - Material,,Supply 12 additional 10'x125' Tyvek Commercial D building wrap.,JB Construction Company,PO-25-117-725,ls,0.0,$0.00,$0.00,,$0.00,1.0,"$4,865.63","$4,865.63",,"$4,865.63","$4,865.63","-$4,865.63",
071,Additional Building Wrap Materials,60-602020.000 - General Liability Insurance,Material - Material,,,,,,,,$51.60,$0.00,$51.60,,,,,,0.0,$51.60,
071,Additional Building Wrap Materials,60-604000.000 - Fee,Material - Material,,,,,,,,$180.59,$0.00,$180.59,,,,,,0.0,$180.59,
071,Additional Building Wrap Materials,8-85413.000 - Windows and Patio Doors,Material - Material,,Supply additional building wrap materials,JB Construction Company,PO-25-117-725,ls,1.0,"$5,159.73","$5,159.73",,"$5,159.73",1.0,"$5,159.73","$5,159.73",,"$5,159.73","$5,159.73",$0.00,
070,Install OTR Microwaves,60-602020.000 - General Liability Insurance,Material - Material,,,,,,,,$0.00,$0.00,$0.00,,,,,,0.0,$0.00,
070,Install OTR Microwaves,60-604000.000 - Fee,Material - Material,,,,,,,,$0.00,$0.00,$0.00,,,,,,0.0,$0.00,
070,Install OTR Microwaves,11-113100.000 - Appliances,Material - Material,,Install two OTR microwaves at AL units.,All Inc.,SC-25-117-113,ls,0.0,$0.00,$0.00,,$0.00,1.0,$216.26,$216.26,,$216.26,$216.26,-$216.26,
069,Silicone for Window and Patio Door Install,60-602020.000 - General Liability Insurance,Material - Material,,,,,,,,$0.00,$0.00,$0.00,,,,,,0.0,$0.00,
069,Silicone for Window and Patio Door Install,60-604000.000 - Fee,Material - Material,,,,,,,,$0.00,$0.00,$0.00,,,,,,0.0,$0.00,
069,Silicone for Window and Patio Door Install,8-85413.000 - Windows and Patio Doors,Material - Material,,Supply silicone for window and patio door installs 204 tubes / 12 cases.,JB Construction Company,PO-25-117-725,ls,0.0,$0.00,$0.00,,$0.00,204.0,$8.50,"$1,734.00",,"$1,734.00","$1,734.00","-$1,734.00",
068,Credit Back for Added Material Not Accepted,60-602020.000 - General Liability Insurance,Material - Material,,,,,,,,$43.94,$0.00,$43.94,,,,,,0.0,$43.94,
068,Credit Back for Added Material Not Accepted,60-604000.000 - Fee,Material - Material,,,,,,,,$153.80,$0.00,$153.80,,,,,,0.0,$153.80,
068,Credit Back for Added Material Not Accepted,12-123640.000 - Residential Countertops,Subcontract - Subcontract,,Credit back for added material in ASI 005 not accepted but originally included as a deduct to eliminate fireplace surrounds from the project.  ,Leon's Countertops,SC-25-117-123,ls,1.0,"$4,394.25","$4,394.25",,"$4,394.25",1.0,"$4,394.25","$4,394.25",,"$4,394.25","$4,394.25",$0.00,
067,ACT-4 and ACP-4 Finish Selections,60-602020.000 - General Liability Insurance,Material - Material,,,,,,,,$283.50,$283.50,$283.50,,,,,,0.0,$283.50,
067,ACT-4 and ACP-4 Finish Selections,60-604000.000 - Fee,Material - Material,,,,,,,,$992.25,$992.25,$992.25,,,,,,0.0,$992.25,
067,ACT-4 and ACP-4 Finish Selections,9-95123.000 - Acoustical Tile Ceilings,Subcontract - Subcontract,,ACT-4 and ACP-1 Finish Selections,"Minnesota Acoustics, Inc.",SC-25-117-095,ls,1.0,"$28,350.00","$28,350.00","$28,350.00","$28,350.00",1.0,"$28,350.00","$28,350.00",,"$28,350.00","$28,350.00",$0.00,
066,Temp Base at Phase 1,60-602020.000 - General Liability Insurance,Material - Material,,,,,,,,$0.00,$0.00,$0.00,,,,,,0.0,$0.00,
066,Temp Base at Phase 1,60-604000.000 - Fee,Material - Material,,,,,,,,$0.00,$0.00,$0.00,,,,,,0.0,$0.00,
066,Temp Base at Phase 1,9-96500.000 - Resilient Flooring,Subcontract - Subcontract,,Supply and install temp vinyl base at phase 1 corridor.,Precision Floors,SC-25-117-093,ls,0.0,$0.00,$0.00,,$0.00,1.0,"$1,017.50","$1,017.50",,"$1,017.50","$1,017.50","-$1,017.50",
065,Materials for Balcony Trellises,60-602020.000 - General Liability Insurance,Material - Material,,,,,,,,$0.00,$0.00,$0.00,,,,,,0.0,$0.00,
065,Materials for Balcony Trellises,60-604000.000 - Fee,Material - Material,,,,,,,,$0.00,$0.00,$0.00,,,,,,0.0,$0.00,
065,Materials for Balcony Trellises,6-61000.000 - Rough Carpentry Material,Material - Material,,Supply materials for Balcony Trellises,McCarron's Building Center,PO-25-117-062,ls,0.0,$0.00,$0.00,,$0.00,1.0,"$6,358.32","$6,358.32",,"$6,358.32","$6,358.32","-$6,358.32",
064,Supply Additional Plates for Sheer Walls and Post Pases,60-602020.000 - General Liability Insurance,Material - Material,,,,,,,,$0.00,$0.00,$0.00,,,,,,0.0,$0.00,
064,Supply Additional Plates for Sheer Walls and Post Pases,60-604000.000 - Fee,Material - Material,,,,,,,,$0.00,$0.00,$0.00,,,,,,0.0,$0.00,
064,Supply Additional Plates for Sheer Walls and Post Pases,5-51200.000 - Structural Steel,Subcontract - Subcontract,,Supply additional plates for sheet walls,"D G Welding & Mfg., Inc.",SC-25-117-051,ls,0.0,$0.00,$0.00,,$0.00,1.0,$980.00,$980.00,,$980.00,$980.00,-$980.00,
064,Supply Additional Plates for Sheer Walls and Post Pases,5-51200.000 - Structural Steel,Subcontract - Subcontract,,Supply additional post bases,"D G Welding & Mfg., Inc.",SC-25-117-051,ls,0.0,$0.00,$0.00,,$0.00,1.0,"$2,970.00","$2,970.00",,"$2,970.00","$2,970.00","-$2,970.00",
063,ASI 009 Unit 2108 Deck Expansion,60-602020.000 - General Liability Insurance,Material - Material,,,,,,,,$51.42,$51.42,$51.42,,,,,,0.0,$51.42,
063,ASI 009 Unit 2108 Deck Expansion,60-604000.000 - Fee,Material - Material,,,,,,,,$179.98,$179.97,$179.97,,,,,,0.0,$179.97,
063,ASI 009 Unit 2108 Deck Expansion,6-61000.000 - Rough Carpentry Material,Material - Material,,Additional materials for deck framing,McCarron's Building Center,PO-25-117-062,ls,1.0,"$1,805.75","$1,805.75","$1,805.75","$1,805.75",1.0,"$1,805.75","$1,805.75",,"$1,805.75","$1,805.75",$0.00,
063,ASI 009 Unit 2108 Deck Expansion,6-61010.000 - Rough Carpentry Installation,Subcontract - Subcontract,,Additional framing for extended deck,Wolf Construction,SC-25-117-061,ls,1.0,"$2,200.00","$2,200.00","$2,200.00","$2,200.00",1.0,"$2,200.00","$2,200.00",,"$2,200.00","$2,200.00",$0.00,
063,ASI 009 Unit 2108 Deck Expansion,32-323100.000 - Fences and Gates,Subcontract - Subcontract,,Added privacy screen wall,,,ls,1.0,"$7,736.39","$7,736.39","$7,736.39","$7,736.39",1.0,"$7,736.39","$7,736.39",,,"$7,736.39",$0.00,
063,ASI 009 Unit 2108 Deck Expansion,9-95123.000 - Acoustical Tile Ceilings,Subcontract - Subcontract,,Eliminate ACT at Lounge 102,"Minnesota Acoustics, Inc.",SC-25-117-095,ls,-1.0,"$6,600.00","-$6,600.00","-$6,600.00","-$6,600.00",-1.0,"$6,600.00","-$6,600.00",,"-$6,600.00","-$6,600.00",$0.00,
062,Additional Roof Drains to Storm,60-602020.000 - General Liability Insurance,Material - Material,,,,,,,,$70.51,$70.51,$70.51,,,,,,0.0,$70.51,
062,Additional Roof Drains to Storm,60-604000.000 - Fee,Material - Material,,,,,,,,$246.79,$246.79,$246.79,,,,,,0.0,$246.79,
062,Additional Roof Drains to Storm,33-330000.000 - Utilities,Subcontract - Subcontract,,Additional roof drains were added to the building,"Minnesota Utilities & Excavating, LLC",SC-25-117-310,ls,1.0,"$7,051.00","$7,051.00","$7,051.00","$7,051.00",1.0,"$7,051.00","$7,051.00",,"$7,051.00","$7,051.00",$0.00,
061,Utility Line Elevation Conflict,60-602020.000 - General Liability Insurance,Material - Material,,,,,,,,$94.00,$94.00,$94.00,,,,,,0.0,$94.00,
061,Utility Line Elevation Conflict,60-604000.000 - Fee,Material - Material,,,,,,,,$329.00,$329.00,$329.00,,,,,,0.0,$329.00,
061,Utility Line Elevation Conflict,33-330000.000 - Utilities,Subcontract - Subcontract,,Utility line elevation conflict STRM #1,"Minnesota Utilities & Excavating, LLC",SC-25-117-310,ls,1.0,"$9,400.00","$9,400.00","$9,400.00","$9,400.00",1.0,"$9,400.00","$9,400.00",,"$9,400.00","$9,400.00",$0.00,
060,Paint AL Unit Doors,60-602020.000 - General Liability Insurance,Material - Material,,,,,,,,$15.13,$15.13,$15.13,,,,,,0.0,$15.13,
060,Paint AL Unit Doors,60-604000.000 - Fee,Material - Material,,,,,,,,$52.96,$52.96,$52.96,,,,,,0.0,$52.96,
060,Paint AL Unit Doors,9-99000.000 - Painting and Coating,Subcontract - Subcontract,,AL unit doors were painted to match.,"MCI Paint & Drywall, Inc.",SC-25-117-092,ls,1.0,"$1,513.00","$1,513.00","$1,513.00","$1,513.00",1.0,"$1,513.00","$1,513.00",,"$1,513.00","$1,513.00",$0.00,
059,Supply and Install WP-1,60-602020.000 - General Liability Insurance,Material - Material,,,,,,,,$187.48,$0.00,$187.48,,,,,,0.0,$187.48,
059,Supply and Install WP-1,60-604000.000 - Fee,Material - Material,,,,,,,,$656.18,$0.00,$656.18,,,,,,0.0,$656.18,
059,Supply and Install WP-1,10-102600.000 - Wall and Door Protection,Material - Material,,"Supply and install all WP-1 wall protection at corridor remodel, 1st floor elevator lobby, and common area columns","MCI Paint & Drywall, Inc.",SC-25-117-092,ls,1.0,"$18,748.00","$18,748.00",,"$18,748.00",1.0,"$18,748.00","$18,748.00",,"$18,748.00","$18,748.00",$0.00,
058,"Contingency: Relocate HL Switches at Units B1, C1, C2",60-602020.000 - General Liability Insurance,Material - Material,,,,,,,,$0.00,$0.00,$0.00,,,,,,0.0,$0.00,
058,"Contingency: Relocate HL Switches at Units B1, C1, C2",60-604000.000 - Fee,Material - Material,,,,,,,,$0.00,$0.00,$0.00,,,,,,0.0,$0.00,
058,"Contingency: Relocate HL Switches at Units B1, C1, C2",26-260000.000 - Electrical,Subcontract - Subcontract,,"Relocate HL switches location at units B1, C1, C2 as a result of a conflict between the linen cabinet depth and the bathroom door opening framing.","Berd Electric, LLC",SC-25-117-260,ls,1.0,"$1,925.00","$1,925.00","$1,925.00","$1,925.00",1.0,"$1,925.00","$1,925.00",,"$1,925.00","$1,925.00",$0.00,
058,"Contingency: Relocate HL Switches at Units B1, C1, C2",60-601005.000 - Design Contingency,Material - Material,,"Relocate HL switches location at units B1, C1, C2 as a result of a conflict between the linen cabinet depth and the bathroom door opening framing.",,,ls,-1.0,"$1,925.00","-$1,925.00","-$1,925.00","-$1,925.00",-1.0,"$1,925.00","-$1,925.00",,,"-$1,925.00",$0.00,
057,AL Unit Appliances,60-602020.000 - General Liability Insurance,Material - Material,,,,,,,,$52.33,$52.33,$52.33,,,,,,0.0,$52.33,
057,AL Unit Appliances,60-604000.000 - Fee,Material - Material,,,,,,,,$183.15,$183.15,$183.15,,,,,,0.0,$183.15,
057,AL Unit Appliances,11-113100.000 - Appliances,Material - Material,,Supply SS appliances at AL units,All Inc.,SC-25-117-113,ls,1.0,"$4,932.89","$4,932.89","$4,932.89","$4,932.89",1.0,"$4,932.89","$4,932.89",,"$4,932.89","$4,932.89",$0.00,
057,AL Unit Appliances,6-62000.000 - Finish Carpentry Installation,Subcontract - Subcontract,,Install appliances,JB Finishes,SC-25-117-062,ls,1.0,$300.00,$300.00,$300.00,$300.00,1.0,$300.00,$300.00,,,$300.00,$0.00,
055,Test Window,60-602020.000 - General Liability Insurance,Material - Material,,,,,,,,$0.00,$0.00,$0.00,,,,,,0.0,$0.00,
055,Test Window,60-604000.000 - Fee,Material - Material,,,,,,,,$0.00,$0.00,$0.00,,,,,,0.0,$0.00,
055,Test Window,8-85413.000 - Windows and Patio Doors,Material - Material,,Supply test window classic single hung equal split sash.,Arrow Building Center,PO-25-117-085,ls,0.0,$0.00,$0.00,,$0.00,1.0,$616.35,$616.35,,$616.35,$616.35,-$616.35,
054,Winter Conditions,60-602020.000 - General Liability Insurance,Material - Material,,,,,,,,$0.00,$0.00,$0.00,,,,,,0.0,$0.00,
054,Winter Conditions,60-604000.000 - Fee,Material - Material,,,,,,,,$0.00,$0.00,$0.00,,,,,,0.0,$0.00,
054,Winter Conditions,50-502000.000 - Winter Conditions,Material - Material,,Winter Conditions: Temp Heater Rental,,,ls,1.0,"$33,733.47","$33,733.47","$33,733.47","$33,733.47",1.0,"$33,733.47","$33,733.47",,,"$33,733.47",$0.00,
054,Winter Conditions,60-601005.000 - Design Contingency,Material - Material,,Winter Conditions: Heater Rental,,,ls,-1.0,"$33,733.47","-$33,733.47","-$33,733.47","-$33,733.47",-1.0,"$33,733.47","-$33,733.47",,,"-$33,733.47",$0.00,
053,Storage Cages,60-602020.000 - General Liability Insurance,Material - Material,,,,,,,,$0.00,$0.00,$0.00,,,,,,0.0,$0.00,
053,Storage Cages,60-604000.000 - Fee,Material - Material,,,,,,,,$0.00,$0.00,$0.00,,,,,,0.0,$0.00,
053,Storage Cages,,,,,,,,,,$0.00,,$0.00,,,$0.00,,,$0.00,$0.00,
052,Add zoning for Maintenance and Marketing Office,60-602020.000 - General Liability Insurance,Material - Material,,,,,,,,$35.00,$35.00,$35.00,,,,,,0.0,$35.00,
052,Add zoning for Maintenance and Marketing Office,60-604000.000 - Fee,Material - Material,,,,,,,,$122.50,$122.50,$122.50,,,,,,0.0,$122.50,
052,Add zoning for Maintenance and Marketing Office,23-230000.000 - HVAC,Subcontract - Subcontract,,Add zoning system to maintenance and office,J-Berd Mechanical Contractors,SC-25-117-220,ls,1.0,"$3,500.00","$3,500.00","$3,500.00","$3,500.00",1.0,"$3,500.00","$3,500.00",,"$3,500.00","$3,500.00",$0.00,
051,L2 Unit F Balcony,60-602020.000 - General Liability Insurance,Material - Material,,,,,,,,$0.00,$0.00,$0.00,,,,,,0.0,$0.00,
051,L2 Unit F Balcony,60-604000.000 - Fee,Material - Material,,,,,,,,$0.00,$0.00,$0.00,,,,,,0.0,$0.00,
051,L2 Unit F Balcony,,,,,,,,,,$0.00,,$0.00,,,$0.00,,,$0.00,$0.00,
050,Contingency: Soft Close Toilet Seats,60-602020.000 - General Liability Insurance,Material - Material,,,,,,,,$0.00,$0.00,$0.00,,,,,,0.0,$0.00,
050,Contingency: Soft Close Toilet Seats,60-604000.000 - Fee,Material - Material,,,,,,,,$0.00,$0.00,$0.00,,,,,,0.0,$0.00,
050,Contingency: Soft Close Toilet Seats,22-220000.000 - Plumbing,Subcontract - Subcontract,,Supply and install soft close toilet seats at all unit toilets,J-Berd Mechanical Contractors,SC-25-117-220,ls,0.0,$0.00,$0.00,"$3,354.00","$3,354.00",1.0,"$3,354.00","$3,354.00",,"$3,354.00","$3,354.00",$0.00,
050,Contingency: Soft Close Toilet Seats,60-601005.000 - Design Contingency,Material - Material,,Supply and install soft close toilet seats at all unit toilets,,,ls,0.0,$0.00,$0.00,"-$3,354.00","-$3,354.00",-1.0,"$3,354.00","-$3,354.00",,,"-$3,354.00",$0.00,
049,ASI 005 - Mirrors,60-602020.000 - General Liability Insurance,Material - Material,,,,,,,,$60.00,$60.00,$60.00,,,,,,0.0,$60.00,
049,ASI 005 - Mirrors,60-604000.000 - Fee,Material - Material,,,,,,,,$210.00,$210.00,$210.00,,,,,,0.0,$210.00,
049,ASI 005 - Mirrors,8-88330.000 - Mirrors,Subcontract - Subcontract,,Add 33 unit bathroom mirrors,North American Art,SC-25-117-088,ls,1.0,"$6,000.00","$6,000.00","$6,000.00","$6,000.00",1.0,"$6,000.00","$6,000.00",,,"$6,000.00",$0.00,
048,Supply Green Treat Plywood ,60-602020.000 - General Liability Insurance,Material - Material,,,,,,,,$0.00,$0.00,$0.00,,,,,,0.0,$0.00,
048,Supply Green Treat Plywood ,60-604000.000 - Fee,Material - Material,,,,,,,,$0.00,$0.00,$0.00,,,,,,0.0,$0.00,
048,Supply Green Treat Plywood ,6-61000.000 - Rough Carpentry Material,Material - Material,,Supply green treat plywood for furring to flush out the deck joist.,McCarron's Building Center,PO-25-117-062,ls,0.0,$0.00,$0.00,,$0.00,1.0,"$1,696.94","$1,696.94",,"$1,696.94","$1,696.94","-$1,696.94",
047,Additional Lumber for Walls at AL Units,60-602020.000 - General Liability Insurance,Material - Material,,,,,,,,$0.00,$0.00,$0.00,,,,,,0.0,$0.00,
047,Additional Lumber for Walls at AL Units,60-604000.000 - Fee,Material - Material,,,,,,,,$0.00,$0.00,$0.00,,,,,,0.0,$0.00,
047,Additional Lumber for Walls at AL Units,6-61000.000 - Rough Carpentry Material,Material - Material,,Additional lumber for new walls at AL Unit laundry.,McCarron's Building Center,PO-25-117-062,ls,0.0,$0.00,$0.00,,$0.00,1.0,"$1,499.66","$1,499.66",,"$1,499.66","$1,499.66","-$1,499.66",
046,Trex Decking Selection,60-602020.000 - General Liability Insurance,Material - Material,,,,,,,,$0.00,$0.00,$0.00,,,,,,0.0,$0.00,
046,Trex Decking Selection,60-604000.000 - Fee,Material - Material,,,,,,,,$0.00,$0.00,$0.00,,,,,,0.0,$0.00,
046,Trex Decking Selection,6-61000.000 - Rough Carpentry Material,Material - Material,,Deduct for TrexSelect material in lieu of Trex Transcend,McCarron's Building Center,PO-25-117-062,ls,-1.0,"$9,014.28","-$9,014.28","-$9,014.28","-$9,014.28",-1.0,"$9,014.28","-$9,014.28",,"-$9,014.28","-$9,014.28",$0.00,
045,RFI 54 - Unit Balcony Privacy Screens,60-602020.000 - General Liability Insurance,Material - Material,,,,,,,,$86.01,$86.01,$86.01,,,,,,0.0,$86.01,
045,RFI 54 - Unit Balcony Privacy Screens,60-604000.000 - Fee,Material - Material,,,,,,,,$301.05,$301.05,$301.05,,,,,,0.0,$301.05,
045,RFI 54 - Unit Balcony Privacy Screens,3-33000.000 - Cast in Place Concrete,Subcontract - Subcontract,,Add two concrete piers,"Gresser Companies, Inc.",SC-25-117-030,ls,1.0,"$3,476.00","$3,476.00","$3,476.00","$3,476.00",1.0,"$3,476.00","$3,476.00",,"$3,476.00","$3,476.00",$0.00,
045,RFI 54 - Unit Balcony Privacy Screens,6-61000.000 - Rough Carpentry Material,Material - Material,,Additional materials for framed privacy walls,McCarron's Building Center,PO-25-117-062,ls,1.0,"$5,125.38","$5,125.38","$5,125.38","$5,125.38",1.0,"$5,125.38","$5,125.38",,"$5,125.38","$5,125.38",$0.00,
044,Unit Islands Top Overhang,60-602020.000 - General Liability Insurance,Material - Material,,,,,,,,$0.00,$0.00,$0.00,,,,,,0.0,$0.00,
044,Unit Islands Top Overhang,60-604000.000 - Fee,Material - Material,,,,,,,,$0.00,$0.00,$0.00,,,,,,0.0,$0.00,
044,Unit Islands Top Overhang,12-123640.000 - Residential Countertops,Subcontract - Subcontract,,"11"" overhang at unit kitchen islands.",Leon's Countertops,SC-25-117-123,,0.0,$0.00,$0.00,,$0.00,1.0,"$3,500.00","$3,500.00",,"$3,500.00","$3,500.00","-$3,500.00",
043,Door hardware Coordination Meeting,60-602020.000 - General Liability Insurance,Material - Material,,,,,,,,$0.00,$0.00,$0.00,,,,,,0.0,$0.00,
043,Door hardware Coordination Meeting,60-604000.000 - Fee,Material - Material,,,,,,,,$0.00,$0.00,$0.00,,,,,,0.0,$0.00,
043,Door hardware Coordination Meeting,,,,,,,,,,$0.00,,$0.00,,,$0.00,,,$0.00,$0.00,
042,Window and Patio Door Drip Cap Flashing,60-602020.000 - General Liability Insurance,Material - Material,,,,,,,,$0.00,$0.00,$0.00,,,,,,0.0,$0.00,
042,Window and Patio Door Drip Cap Flashing,60-604000.000 - Fee,Material - Material,,,,,,,,$0.00,$0.00,$0.00,,,,,,0.0,$0.00,
042,Window and Patio Door Drip Cap Flashing,7-76200.000 - Sheet Metal Flashing and Trim,Subcontract - Subcontract,,Supply drip cap flashing at all window and patio doors.,"Highmark Exteriors, LLC",SC-25-117-0722,ls,0.0,$0.00,$0.00,,$0.00,1.0,"$4,845.00","$4,845.00",,"$4,845.00","$4,845.00","-$4,845.00",
041,Elevator Cab Finish,60-602020.000 - General Liability Insurance,Material - Material,,,,,,,,-$42.00,$0.00,$0.00,,,,,,0.0,$0.00,
041,Elevator Cab Finish,60-604000.000 - Fee,Material - Material,,,,,,,,-$147.00,$0.00,$0.00,,,,,,0.0,$0.00,
041,Elevator Cab Finish,14-142000.000 - Elevators,Subcontract - Subcontract,,Deduct to change from SS finishes to painted and PLAM,Schindler Elevator Corporation,SC-25-117-200,ls,-1.0,"$4,200.00","-$4,200.00","-$4,200.00","-$4,200.00",-1.0,"$4,200.00","-$4,200.00",,"-$4,200.00","-$4,200.00",$0.00,
040,Unit Box Walk,60-602020.000 - General Liability Insurance,Material - Material,,,,,,,,$63.75,$63.75,$63.75,,,,,,0.0,$63.75,
040,Unit Box Walk,60-604000.000 - Fee,Material - Material,,,,,,,,$223.13,$223.13,$223.13,,,,,,0.0,$223.13,
040,Unit Box Walk,26-260000.000 - Electrical,Subcontract - Subcontract,,Updated receptacles at per unit box walk.,"Berd Electric, LLC",SC-25-117-260,ls,1.0,"$6,375.00","$6,375.00","$6,375.00","$6,375.00",1.0,"$6,375.00","$6,375.00",,"$6,375.00","$6,375.00",$0.00,
039,ASI 007,60-602020.000 - General Liability Insurance,Material - Material,,,,,,,,-$16.41,$0.00,$0.00,,,,,,0.0,$0.00,
039,ASI 007,60-604000.000 - Fee,Material - Material,,,,,,,,-$57.42,$0.00,$0.00,,,,,,0.0,$0.00,
039,ASI 007,9-93000.000 - Tile,Subcontract - Subcontract,,Deduct to eliminate tile at common area restroom sink wall.,Precision Floors,SC-25-117-0930,ls,-1.0,"$1,640.55","-$1,640.55","-$1,640.55","-$1,640.55",-1.0,"$1,640.55","-$1,640.55",,"-$1,640.55","-$1,640.55",$0.00,
038,Deduct Light Fixture Allowance,60-602020.000 - General Liability Insurance,Material - Material,,,,,,,,"-$1,500.00",$0.00,$0.00,,,,,,0.0,$0.00,
038,Deduct Light Fixture Allowance,60-604000.000 - Fee,Material - Material,,,,,,,,"-$5,250.00",$0.00,$0.00,,,,,,0.0,$0.00,
038,Deduct Light Fixture Allowance,26-260000.000 - Electrical,Subcontract - Subcontract,,Deduct the allowance value for all light fixtures included in the contract. Owner to supply all light fixtures.,"Berd Electric, LLC",SC-25-117-260,ls,-1.0,"$150,000.00","-$150,000.00","-$150,000.00","-$150,000.00",-1.0,"$150,000.00","-$150,000.00",,"-$150,000.00","-$150,000.00",$0.00,
037,Contingency:  Moen Voss Toilet Accessories,60-602020.000 - General Liability Insurance,Material - Material,,,,,,,,$0.00,$0.00,$0.00,,,,,,0.0,$0.00,
037,Contingency:  Moen Voss Toilet Accessories,60-604000.000 - Fee,Material - Material,,,,,,,,$0.00,$0.00,$0.00,,,,,,0.0,$0.00,
037,Contingency:  Moen Voss Toilet Accessories,10-102800.000 - Toilet and Bath Accessories,Material - Material,,Added cost for Moen Voss Toilet Accesories,,,ls,0.0,$0.00,$0.00,"$7,403.00","$7,403.00",1.0,"$7,403.00","$7,403.00",,,"$7,403.00",$0.00,
037,Contingency:  Moen Voss Toilet Accessories,60-601005.000 - Design Contingency,Material - Material,,Contingency,,,ls,0.0,$0.00,$0.00,"-$7,403.00","-$7,403.00",-1.0,"$7,403.00","-$7,403.00",,,"-$7,403.00",$0.00,
036,CTW-5 Alternate at Unit Fireplaces,60-602020.000 - General Liability Insurance,Material - Material,,,,,,,,$0.00,$0.00,$0.00,,,,,,0.0,$0.00,
036,CTW-5 Alternate at Unit Fireplaces,60-604000.000 - Fee,Material - Material,,,,,,,,$0.00,$0.00,$0.00,,,,,,0.0,$0.00,
036,CTW-5 Alternate at Unit Fireplaces,9-93000.000 - Tile,Subcontract - Subcontract,,CTW-5 Alternate at unit fireplace surrounds,Precision Floors,SC-25-117-0930,ls,0.0,$0.00,$0.00,"-$3,217.50","-$3,217.50",-1.0,"$3,217.50","-$3,217.50",,"-$3,217.50","-$3,217.50",$0.00,
035,Window Washing Reconciliation ,60-602020.000 - General Liability Insurance,Material - Material,,,,,,,,$0.00,$0.00,$0.00,,,,,,0.0,$0.00,
035,Window Washing Reconciliation ,60-604000.000 - Fee,Material - Material,,,,,,,,$0.00,$0.00,$0.00,,,,,,0.0,$0.00,
035,Window Washing Reconciliation ,11-112423.000 - Window Washing System,Material - Material,,Window washing allowance reconciliation.,,,ls,0.0,$0.00,$0.00,"-$38,118.00","-$38,118.00",-1.0,"$38,118.00","-$38,118.00",,,"-$38,118.00",$0.00,
034,Mock-up Wall Panel,6-61000.000 - Rough Carpentry Material,Material - Material,,Supply one 10' long x 8' high 2x6 mock-up wall with the Nova Core sheathing.,Mayfield Truss LLC,PO-25-117-061,ls,0.0,$0.00,$0.00,,$0.00,1.0,$463.43,$463.43,,$463.43,$463.43,-$463.43,
033,Dewatering and Rock Road,60-602020.000 - General Liability Insurance,Material - Material,,,,,,,,$0.00,$0.00,$0.00,,,,,,0.0,$0.00,
033,Dewatering and Rock Road,60-604000.000 - Fee,Material - Material,,,,,,,,$0.00,$0.00,$0.00,,,,,,0.0,$0.00,
033,Dewatering and Rock Road,31-310000.000 - Earthwork,Subcontract - Subcontract,,"Provide all labor, equipment, and materials necessary to perform site dewatering and mucking out of unsuitable saturated soils. ","Minnesota Utilities & Excavating, LLC",SC-25-117-310,ls,0.0,$0.00,$0.00,,$0.00,1.0,"$5,366.00","$5,366.00",,"$5,366.00","$5,366.00","-$5,366.00",
033,Dewatering and Rock Road,31-310000.000 - Earthwork,Subcontract - Subcontract,,"Import and place 3"" rock on road for access to basement for Gresser's concrete and pump trucks.","Minnesota Utilities & Excavating, LLC",SC-25-117-310,ls,0.0,$0.00,$0.00,,$0.00,1.0,"$5,732.00","$5,732.00",,"$5,732.00","$5,732.00","-$5,732.00",
032,10-Year Sealed Lithium Detectors ,60-602020.000 - General Liability Insurance,Material - Material,,,,,,,,$16.90,$16.90,$16.90,,,,,,0.0,$16.90,
032,10-Year Sealed Lithium Detectors ,60-604000.000 - Fee,Material - Material,,,,,,,,$59.15,$59.15,$59.15,,,,,,0.0,$59.15,
032,10-Year Sealed Lithium Detectors ,26-260000.000 - Electrical,Subcontract - Subcontract,,Supply and install 10-year sealed lithium battery backup smoke and combination smoke/carbon,"Berd Electric, LLC",SC-25-117-260,ls,1.0,"$1,690.00","$1,690.00","$1,690.00","$1,690.00",1.0,"$1,690.00","$1,690.00",,"$1,690.00","$1,690.00",$0.00,
031,Eliminate Quartz Surround at Unit Fireplaces ,60-602020.000 - General Liability Insurance,Material - Material,,,,,,,,-$84.30,$0.00,-$84.30,,,,,,0.0,-$84.30,
031,Eliminate Quartz Surround at Unit Fireplaces ,60-604000.000 - Fee,Material - Material,,,,,,,,-$295.07,$0.00,-$295.07,,,,,,0.0,-$295.07,
031,Eliminate Quartz Surround at Unit Fireplaces ,12-123640.000 - Residential Countertops,Subcontract - Subcontract,,Deduct to eliminate quartz Surround at unit fireplaces.,Leon's Countertops,SC-25-117-123,ls,-1.0,"$8,430.45","-$8,430.45",,"-$8,430.45",-1.0,"$8,430.45","-$8,430.45",,"-$8,430.45","-$8,430.45",$0.00,
030,Contingency: 20-Mil Wear LVT in lieu of 12-Mil Wear,60-602020.000 - General Liability Insurance,Material - Material,,,,,,,,$0.00,$0.00,$0.00,,,,,,0.0,$0.00,
030,Contingency: 20-Mil Wear LVT in lieu of 12-Mil Wear,60-604000.000 - Fee,Material - Material,,,,,,,,$0.00,$0.00,$0.00,,,,,,0.0,$0.00,
030,Contingency: 20-Mil Wear LVT in lieu of 12-Mil Wear,9-96500.000 - Resilient Flooring,Subcontract - Subcontract,,Upgrade LVT-2 at all phase III unit locations from a 12-Mil wear to 20-Mil wear.,Precision Floors,SC-25-117-093,ls,0.0,$0.00,$0.00,"$44,430.75","$44,430.75",1.0,"$44,430.75","$44,430.75",,"$44,430.75","$44,430.75",$0.00,
030,Contingency: 20-Mil Wear LVT in lieu of 12-Mil Wear,60-601005.000 - Design Contingency,Material - Material,,Upgrade LVT-2 at all phase III unit locations from a 12-Mil wear to 20-Mil wear.,,,,0.0,$0.00,$0.00,"-$44,430.75","-$44,430.75",-1.0,"$44,430.75","-$44,430.75",,,"-$44,430.75",$0.00,
029,Contingency: Sound Mat and LVT AL Units,60-602020.000 - General Liability Insurance,Material - Material,,,,,,,,$0.00,$0.00,$0.00,,,,,,0.0,$0.00,
029,Contingency: Sound Mat and LVT AL Units,60-604000.000 - Fee,Material - Material,,,,,,,,$0.00,$0.00,$0.00,,,,,,0.0,$0.00,
029,Contingency: Sound Mat and LVT AL Units,9-96500.000 - Resilient Flooring,Subcontract - Subcontract,,Supply and install Sound Mat and LVT throughout AL Units,Precision Floors,SC-25-117-093,ls,0.0,$0.00,$0.00,"$2,999.50","$2,999.50",1.0,"$2,999.50","$2,999.50",,"$2,999.50","$2,999.50",$0.00,
029,Contingency: Sound Mat and LVT AL Units,60-601005.000 - Design Contingency,Material - Material,,Supply and install Sound Mat and LVT throughout AL Units,,,ls,0.0,$0.00,$0.00,"-$2,999.50","-$2,999.50",-1.0,"$2,999.50","-$2,999.50",,,"-$2,999.50",$0.00,
028,Contract Time Extension,60-602020.000 - General Liability Insurance,Material - Material,,,,,,,,$0.00,$0.00,$0.00,,,,,,0.0,$0.00,
028,Contract Time Extension,60-604000.000 - Fee,Material - Material,,,,,,,,$0.00,$0.00,$0.00,,,,,,0.0,$0.00,
028,Contract Time Extension,,,,,,,,,,$0.00,$0.00,$0.00,,,$0.00,,,$0.00,$0.00,
027, Contingency: Fire Suppression Relocation at AL Units,60-602020.000 - General Liability Insurance,Material - Material,,,,,,,,$0.00,$0.00,$0.00,,,,,,0.0,$0.00,
027, Contingency: Fire Suppression Relocation at AL Units,60-604000.000 - Fee,Material - Material,,,,,,,,$0.00,$0.00,$0.00,,,,,,0.0,$0.00,
027, Contingency: Fire Suppression Relocation at AL Units,9-96500.000 - Resilient Flooring,Subcontract - Subcontract,,Repair gypcrete floor removal at AL units for fire suppression system modifications,Precision Floors,SC-25-117-093,ls,1.0,"$1,200.00","$1,200.00","$1,200.00","$1,200.00",1.0,"$1,200.00","$1,200.00",,"$1,200.00","$1,200.00",$0.00,
027, Contingency: Fire Suppression Relocation at AL Units,2-29015.000 - Safety,Material - Material,,Fire watch for fire suppression system shutdown during relocation,,,ls,1.0,"$1,297.50","$1,297.50","$1,297.50","$1,297.50",1.0,"$1,297.50","$1,297.50",,,"$1,297.50",$0.00,
027, Contingency: Fire Suppression Relocation at AL Units,60-601005.000 - Design Contingency,Material - Material,,Gypcrete Repairs and Fire watch for AL unit Fire Suppression Relocation,,,ls,-1.0,"$2,497.50","-$2,497.50","-$2,497.50","-$2,497.50",-1.0,"$2,497.50","-$2,497.50",,,"-$2,497.50",$0.00,
026,AL Units Sound Mat,60-602020.000 - General Liability Insurance,Material - Material,,,,,,,,$0.00,$0.00,$0.00,,,,,,0.0,$0.00,
026,AL Units Sound Mat,60-604000.000 - Fee,Material - Material,,,,,,,,$0.00,$0.00,$0.00,,,,,,0.0,$0.00,
026,AL Units Sound Mat,,,,,,,,,,$0.00,,$0.00,,,$0.00,,,$0.00,$0.00,
025,Additional Precast Mobilization,60-602020.000 - General Liability Insurance,Material - Material,,,,,,,,$0.00,$0.00,$0.00,,,,,,0.0,$0.00,
025,Additional Precast Mobilization,60-604000.000 - Fee,Material - Material,,,,,,,,$0.00,$0.00,$0.00,,,,,,0.0,$0.00,
025,Additional Precast Mobilization,3-34100.000 - Precast Structural Concrete,Subcontract - Subcontract,,Additional mobilization for precast erection,"Gresser Companies, Inc.",SC-25-117-030,ls,0.0,$0.00,$0.00,,$0.00,-1.0,"$10,000.00","-$10,000.00",,"-$10,000.00","-$10,000.00","$10,000.00",
025,Additional Precast Mobilization,3-34100.000 - Precast Structural Concrete,Subcontract - Subcontract,,Additional mobilization for precast erection,"County Prestress & Precast, LLC",SC-25-117-034,ls,0.0,$0.00,$0.00,,$0.00,1.0,"$10,000.00","$10,000.00",,"$10,000.00","$10,000.00","-$10,000.00",
024,Pedestals for ADA Appliances,60-602020.000 - General Liability Insurance,Material - Material,,,,,,,,$8.61,$0.00,$8.61,,,,,,0.0,$8.61,
024,Pedestals for ADA Appliances,60-604000.000 - Fee,Material - Material,,,,,,,,$30.12,$0.00,$30.12,,,,,,0.0,$30.12,
024,Pedestals for ADA Appliances,11-113100.000 - Appliances,Material - Material,,Provide GE RightHeight Riser for the remodel unit washer/dryers,All Inc.,SC-25-117-113,ls,1.0,$860.71,$860.71,,$860.71,1.0,$860.71,$860.71,,$860.71,$860.71,$0.00,
023,ASI 006 - Phase 1 Corridor Addition,60-602020.000 - General Liability Insurance,Material - Material,,,,,,,,$310.52,$310.52,$310.52,,,,,,0.0,$310.52,
023,ASI 006 - Phase 1 Corridor Addition,60-604000.000 - Fee,Material - Material,,,,,,,,"$1,086.81","$1,086.81","$1,086.81",,,,,,0.0,"$1,086.81",
023,ASI 006 - Phase 1 Corridor Addition,9-96500.000 - Resilient Flooring,Subcontract - Subcontract,,"Type A Units changed to all LVT, credit for carpet, additional carpet at added phase 1 corridor locaitons",Precision Floors,SC-25-117-093,ls,1.0,"$13,348.75","$13,348.75","$13,348.75","$13,348.75",1.0,"$13,348.75","$13,348.75",,"$13,348.75","$13,348.75",$0.00,
023,ASI 006 - Phase 1 Corridor Addition,2-24100.000 - Demolition,Subcontract - Subcontract,,Remove additional corridor carpet / grind mastic and salvage corner guards,"Lloyd's Construction Services, Inc.",SC-25-117-022,ls,1.0,"$2,040.00","$2,040.00","$2,040.00","$2,040.00",1.0,"$2,040.00","$2,040.00",,"$2,040.00","$2,040.00",$0.00,
023,ASI 006 - Phase 1 Corridor Addition,9-99000.000 - Painting and Coating,Subcontract - Subcontract,,Drywall/Painting - skim and patch existing walls.,"MCI Paint & Drywall, Inc.",SC-25-117-092,ls,1.0,"$6,972.00","$6,972.00","$6,972.00","$6,972.00",1.0,"$6,972.00","$6,972.00",,"$6,972.00","$6,972.00",$0.00,
023,ASI 006 - Phase 1 Corridor Addition,7-72100.000 - Thermal Insulation,Subcontract - Subcontract,,Added fiberglass batts per detial A63,Voeller Insulation Inc.,SC-25-117-0721,ls,1.0,"$1,685.00","$1,685.00","$1,685.00","$1,685.00",1.0,"$1,685.00","$1,685.00",,"$1,685.00","$1,685.00",$0.00,
023,ASI 006 - Phase 1 Corridor Addition,11-113100.000 - Appliances,Material - Material,,Added under counter refrigerator at marketing office.,All Inc.,SC-25-117-113,ls,1.0,$495.00,$495.00,$495.00,$495.00,1.0,$495.00,$495.00,,,$495.00,$0.00,
023,ASI 006 - Phase 1 Corridor Addition,6-62200.000 - Millwork,Material - Material,,Added Millwork,Builders Millwork Inc,PO-25-117-081,ls,1.0,"$5,211.00","$5,211.00","$5,211.00","$5,211.00",1.0,"$5,211.00","$5,211.00",,"$5,211.00","$5,211.00",$0.00,
023,ASI 006 - Phase 1 Corridor Addition,6-62000.000 - Finish Carpentry Installation,Subcontract - Subcontract,,Finish carpentry install ,JB Finishes,SC-25-117-062,ls,1.0,"$1,300.00","$1,300.00","$1,300.00","$1,300.00",1.0,"$1,300.00","$1,300.00",,,"$1,300.00",$0.00,
022,Marketing office electrical pricing RFI,60-602020.000 - General Liability Insurance,Material - Material,,,,,,,,$0.00,$0.00,$0.00,,,,,,0.0,$0.00,
022,Marketing office electrical pricing RFI,60-604000.000 - Fee,Material - Material,,,,,,,,$0.00,$0.00,$0.00,,,,,,0.0,$0.00,
022,Marketing office electrical pricing RFI,,,,,,,,0.0,$0.00,$0.00,,$0.00,0.0,$0.00,$0.00,,,$0.00,$0.00,
021,AL Unit Light Switch Add,60-602020.000 - General Liability Insurance,Material - Material,,,,,,,,$0.00,$0.00,$0.00,,,,,,0.0,$0.00,
021,AL Unit Light Switch Add,60-604000.000 - Fee,Material - Material,,,,,,,,$0.00,$0.00,$0.00,,,,,,0.0,$0.00,
021,AL Unit Light Switch Add,,,,,,,,,,$0.00,,$0.00,,,$0.00,,,$0.00,$0.00,
020,Additional Mobilization and Saw Cutting at Precast,60-602020.000 - General Liability Insurance,Material - Material,,,,,,,,$0.00,$0.00,$0.00,,,,,,0.0,$0.00,
020,Additional Mobilization and Saw Cutting at Precast,60-604000.000 - Fee,Material - Material,,,,,,,,$0.00,$0.00,$0.00,,,,,,0.0,$0.00,
020,Additional Mobilization and Saw Cutting at Precast,2-24100.000 - Demolition,Subcontract - Subcontract,,Additional remobilization for added saw cutting at precast.,"Lloyd's Construction Services, Inc.",SC-25-117-022,ls,0.0,$0.00,$0.00,,$0.00,1.0,"$1,875.00","$1,875.00",,"$1,875.00","$1,875.00","-$1,875.00",
019,AL Unit Flooring,60-602020.000 - General Liability Insurance,Material - Material,,,,,,,,$0.00,$0.00,$0.00,,,,,,0.0,$0.00,
019,AL Unit Flooring,60-604000.000 - Fee,Material - Material,,,,,,,,$0.00,$0.00,$0.00,,,,,,0.0,$0.00,
019,AL Unit Flooring,9-96500.000 - Resilient Flooring,Subcontract - Subcontract,,Supply and install LVT-2 flooring at AL unit restrooms and walk-in closets. ,Precision Floors,SC-25-117-093,ls,0.0,$0.00,$0.00,,$0.00,1.0,"$1,324.00","$1,324.00",,,"$1,324.00","-$1,324.00",
019,AL Unit Flooring,60-601000.000 - Construction Contingency,Material - Material,,Supply and install LVT-2 flooring at AL unit restrooms and walk-in closets. ,,,ls,0.0,$0.00,$0.00,,$0.00,-1.0,"$1,324.00","-$1,324.00",,,"-$1,324.00","$1,324.00",
018,Contingency: Add Sound Mat to all Unit Carpeted Areas,60-602020.000 - General Liability Insurance,Material - Material,,,,,,,,$0.00,$0.00,$0.00,,,,,,0.0,$0.00,
018,Contingency: Add Sound Mat to all Unit Carpeted Areas,60-604000.000 - Fee,Material - Material,,,,,,,,$0.00,$0.00,$0.00,,,,,,0.0,$0.00,
018,Contingency: Add Sound Mat to all Unit Carpeted Areas,3-35413.000 - Gypcrete,Subcontract - Subcontract,,"Add 3/8"" sound mat to all unit bedrooms",ATR Commercial Flooring,SC-25-117-033,ls,0.0,$0.00,$0.00,"$10,200.00","$10,200.00",1.0,"$10,200.00","$10,200.00",,"$10,200.00","$10,200.00",$0.00,
018,Contingency: Add Sound Mat to all Unit Carpeted Areas,60-601005.000 - Design Contingency,Material - Material,,"Add 3/8"" sound mat to all unit bedrooms",,,ls,0.0,$0.00,$0.00,"-$10,200.00","-$10,200.00",-1.0,"$10,200.00","-$10,200.00",,,"-$10,200.00",$0.00,
017,Contingency: Solid Surface Tops 3cm,60-602020.000 - General Liability Insurance,Material - Material,,,,,,,,$0.00,$0.00,$0.00,,,,,,0.0,$0.00,
017,Contingency: Solid Surface Tops 3cm,60-604000.000 - Fee,Material - Material,,,,,,,,$0.00,$0.00,$0.00,,,,,,0.0,$0.00,
017,Contingency: Solid Surface Tops 3cm,12-123640.000 - Residential Countertops,Subcontract - Subcontract,,At unit quartz solid surface tops increase thickness from 2cm to 3cm.,Leon's Countertops,SC-25-117-123,ls,0.0,$0.00,$0.00,"$19,396.95","$19,396.95",1.0,"$19,396.95","$19,396.95",,"$19,396.95","$19,396.95",$0.00,
017,Contingency: Solid Surface Tops 3cm,60-601005.000 - Design Contingency,Material - Material,,Contingency: At unit quartz solid surface tops increase thickness from 2cm to 3cm.,,,ls,0.0,$0.00,$0.00,"-$19,396.95","-$19,396.95",-1.0,"$19,396.95","-$19,396.95",,,"-$19,396.95",$0.00,
016,OHD Motor Change,60-602020.000 - General Liability Insurance,Material - Material,,,,,,,,$0.00,$0.00,$0.00,,,,,,0.0,$0.00,
016,OHD Motor Change,60-604000.000 - Fee,Material - Material,,,,,,,,$0.00,$0.00,$0.00,,,,,,0.0,$0.00,
016,OHD Motor Change,8-83613.000 - Overhead and Coiling Doors,Subcontract - Subcontract,,"change to alarmgard auto-reset motor operator with battery backup from alarmgard chain operator, auto-reset no battery backup.","Twin City Garage Door Co., Inc.",SC-25-117-083,ls,0.0,$0.00,$0.00,,$0.00,1.0,"$6,000.00","$6,000.00",,"$6,000.00","$6,000.00","-$6,000.00",
015,ASI 005,60-602020.000 - General Liability Insurance,Material - Material,,,,,,,,$765.06,$765.06,$765.06,,,,,,0.0,$765.06,
015,ASI 005,60-604000.000 - Fee,Material - Material,,,,,,,,"$2,677.71","$2,677.71","$2,677.71",,,,,,0.0,"$2,677.71",
015,ASI 005,"8-81000.000 - Doors, Frames, Hardware",Material - Material,,Added door opening 003 & 004,Builders Millwork Inc,PO-25-117-081,ls,1.0,"$4,738.00","$4,738.00","$4,738.00","$4,738.00",1.0,"$4,738.00","$4,738.00",,"$4,738.00","$4,738.00",$0.00,
015,ASI 005,9-92116.000 - Gypsum Board Assemblies,Subcontract - Subcontract,,"Paint added doors, add sound channel at Community Room 115, additional MR board, additional FRP at pet spa deduct for framing/drywall, ","MCI Paint & Drywall, Inc.",SC-25-117-092,ls,1.0,"$1,043.00","$1,043.00","$1,043.00","$1,043.00",1.0,"$1,043.00","$1,043.00",,"$1,043.00","$1,043.00",$0.00,
015,ASI 005,9-99000.000 - Painting and Coating,Subcontract - Subcontract,,Paint added doors. ,"MCI Paint & Drywall, Inc.",SC-25-117-092,ls,1.0,$330.00,$330.00,$330.00,$330.00,1.0,$330.00,$330.00,,$330.00,$330.00,$0.00,
015,ASI 005,9-96500.000 - Resilient Flooring,Subcontract - Subcontract,,Deduct vinyl base at old pet spa location,Precision Floors,SC-25-117-093,ls,1.0,$542.29,$542.29,$542.29,$542.29,1.0,$542.29,$542.29,,$542.29,$542.29,$0.00,
015,ASI 005,12-123640.000 - Residential Countertops,Subcontract - Subcontract,,Increased size of vanities and added additional integral sinks.,Leon's Countertops,SC-25-117-123,ls,1.0,"$15,044.88","$15,044.88","$15,044.88","$15,044.88",1.0,"$15,044.88","$15,044.88",,"$15,044.88","$15,044.88",$0.00,
015,ASI 005,6-64100.000 - Architectural Casework & Millwork,Material - Material,,"Additional vanity sink bases and drawer bases, unit C.1, E, F.",Alpine Cabinetry,PO-25-117-123,ls,1.0,"$39,627.81","$39,627.81","$39,627.81","$39,627.81",1.0,"$39,627.81","$39,627.81",,"$39,627.81","$39,627.81",$0.00,
015,ASI 005,6-62000.000 - Finish Carpentry Installation,Subcontract - Subcontract,,"Larger vanities at units C1, E, F",JB Finishes,SC-25-117-062,ls,1.0,"$2,970.00","$2,970.00","$2,970.00","$2,970.00",1.0,"$2,970.00","$2,970.00",,,"$2,970.00",$0.00,
015,ASI 005,22-220000.000 - Plumbing,Subcontract - Subcontract,,Add 33 Lav sinks at units,J-Berd Mechanical Contractors,SC-25-117-220,ls,1.0,"$9,075.00","$9,075.00","$9,075.00","$9,075.00",1.0,"$9,075.00","$9,075.00",,"$9,075.00","$9,075.00",$0.00,
015,ASI 005,26-260000.000 - Electrical,Subcontract - Subcontract,,Add 33  vanity lights. Fixtures provided by others,"Berd Electric, LLC",SC-25-117-260,ls,1.0,"$3,135.00","$3,135.00","$3,135.00","$3,135.00",1.0,"$3,135.00","$3,135.00",,"$3,135.00","$3,135.00",$0.00,
014,Contigency: Electrical Pad Changes,60-602020.000 - General Liability Insurance,Material - Material,,,,,,,,$0.00,$0.00,$0.00,,,,,,0.0,$0.00,
014,Contigency: Electrical Pad Changes,60-604000.000 - Fee,Material - Material,,,,,,,,$0.00,$0.00,$0.00,,,,,,0.0,$0.00,
014,Contigency: Electrical Pad Changes,60-601005.000 - Design Contingency,Material - Material,,"Contingency: Electrical pad sizes revised per utility company requirements, replacing sizes shown in contract documents.",,,ls,0.0,$0.00,$0.00,"-$1,781.87","-$1,781.87",-1.0,"$1,781.87","-$1,781.87",,,"-$1,781.87",$0.00,
014,Contigency: Electrical Pad Changes,3-33000.000 - Cast in Place Concrete,Subcontract - Subcontract,,"Electrical pad sizes revised per utility company requirements, replacing sizes shown in contract documents.","Gresser Companies, Inc.",SC-25-117-030,ls,0.0,$0.00,$0.00,"$1,781.87","$1,781.87",1.0,"$1,781.87","$1,781.87",,"$1,781.87","$1,781.87",$0.00,
013,Contingency: 3hr Rated Expansion System ,60-602020.000 - General Liability Insurance,Material - Material,,,,,,,,$0.00,$0.00,$0.00,,,,,,0.0,$0.00,
013,Contingency: 3hr Rated Expansion System ,60-604000.000 - Fee,Material - Material,,,,,,,,$0.00,$0.00,$0.00,,,,,,0.0,$0.00,
013,Contingency: 3hr Rated Expansion System ,60-601005.000 - Design Contingency,Material - Material,,Cost assicated with 3hr Expansion Joints,,,ls,0.0,$0.00,$0.00,"-$19,535.00","-$19,535.00",-1.0,"$19,535.00","-$19,535.00",,,"-$19,535.00",$0.00,
013,Contingency: 3hr Rated Expansion System ,7-79500.000 - Expansion Joints,Subcontract - Subcontract,,Contingency use for actual cost of 3hr rated expansion joints,,,ls,0.0,$0.00,$0.00,"$19,535.00","$19,535.00",1.0,"$19,535.00","$19,535.00",,,"$19,535.00",$0.00,
012,ASI 004,60-602020.000 - General Liability Insurance,Material - Material,,,,,,,,$32.00,$32.00,$32.00,,,,,,0.0,$32.00,
012,ASI 004,60-604000.000 - Fee,Material - Material,,,,,,,,$112.00,$112.00,$112.00,,,,,,0.0,$112.00,
012,ASI 004,5-51200.000 - Structural Steel,Subcontract - Subcontract,,Supply and install 8 extra gates at lower level patios,"D G Welding & Mfg., Inc.",SC-25-117-051,ls,1.0,"$3,200.00","$3,200.00","$3,200.00","$3,200.00",1.0,"$3,200.00","$3,200.00",,"$3,200.00","$3,200.00",$0.00,
011,ASI 003,60-602020.000 - General Liability Insurance,Material - Material,,,,,,,,$41.82,$41.82,$41.82,,,,,,0.0,$41.82,
011,ASI 003,60-604000.000 - Fee,Material - Material,,,,,,,,$146.37,$146.37,$146.37,,,,,,0.0,$146.37,
011,ASI 003,6-61753.000 - Wood Trusses,Material - Material,,Revised header details for elevator opening,Mayfield Truss LLC,PO-25-117-061,,1.0,"$2,474.11","$2,474.11","$2,474.11","$2,474.11",1.0,"$2,474.11","$2,474.11",,"$2,474.11","$2,474.11",$0.00,
011,ASI 003,3-33000.000 - Cast in Place Concrete,Subcontract - Subcontract,,Thickened concrete slab w/ reinforcement at base of stair stringers,"Gresser Companies, Inc.",SC-25-117-030,,1.0,"$1,107.75","$1,107.75","$1,107.75","$1,107.75",1.0,"$1,107.75","$1,107.75",,"$1,107.75","$1,107.75",$0.00,
011,ASI 003,5-51200.000 - Structural Steel,Subcontract - Subcontract,,Increased size of hoist beams,"D G Welding & Mfg., Inc.",SC-25-117-051,,1.0,$600.00,$600.00,$600.00,$600.00,1.0,$600.00,$600.00,,$600.00,$600.00,$0.00,
010,Elevator Pit Ladder,60-602020.000 - General Liability Insurance,Material - Material,,,,,,,,$0.00,$0.00,$0.00,,,,,,0.0,$0.00,
010,Elevator Pit Ladder,60-604000.000 - Fee,Material - Material,,,,,,,,$0.00,$0.00,$0.00,,,,,,0.0,$0.00,
010,Elevator Pit Ladder,5-51200.000 - Structural Steel,Subcontract - Subcontract,,Supply and install two elevator pit ladder.,"D G Welding & Mfg., Inc.",SC-25-117-051,ls,0.0,$0.00,$0.00,,$0.00,1.0,"$4,400.00","$4,400.00",,$0.00,$0.00,$0.00,
009,Radon Mitigation System,60-602020.000 - General Liability Insurance,Material - Material,,,,,,,,$0.00,$0.00,$0.00,,,,,,0.0,$0.00,
009,Radon Mitigation System,60-604000.000 - Fee,Material - Material,,,,,,,,$0.00,$0.00,$0.00,,,,,,0.0,$0.00,
009,Radon Mitigation System,31-312113.000 - Radon Mitigation,Subcontract - Subcontract,,Under slab PVC for radon mitigation system at stairwells and elevator lobby.,J-Berd Mechanical Contractors,SC-25-117-220,ls,0.0,$0.00,$0.00,,$0.00,1.0,"$1,850.00","$1,850.00",,"$1,850.00","$1,850.00","-$1,850.00",
008,Supply and Install Aluminum Railings,60-602020.000 - General Liability Insurance,Material - Material,,,,,,,,$0.00,$0.00,$0.00,,,,,,0.0,$0.00,
008,Supply and Install Aluminum Railings,60-604000.000 - Fee,Material - Material,,,,,,,,$0.00,$0.00,$0.00,,,,,,0.0,$0.00,
008,Supply and Install Aluminum Railings,5-51200.000 - Structural Steel,Subcontract - Subcontract,,Supply and install all aluminum railings throughout project.,"D G Welding & Mfg., Inc.",SC-25-117-051,ls,0.0,$0.00,$0.00,,$0.00,1.0,"$125,000.00","$125,000.00",,"$125,000.00","$125,000.00","-$125,000.00",
007,Irrigation System Repair,60-602020.000 - General Liability Insurance,Material - Material,,,,,,,,$0.00,$0.00,$0.00,,,,,,0.0,$0.00,
007,Irrigation System Repair,60-604000.000 - Fee,Material - Material,,,,,,,,$0.00,$0.00,$0.00,,,,,,0.0,$0.00,
007,Irrigation System Repair,32-329000.000 - Landscaping and Irrigation,Subcontract - Subcontract,,Connect existing mainline on plan west to plan east maineline,"Autumn Ridge Landscaping, Inc.",SC-25-117-323,ls,0.0,$0.00,$0.00,"$4,387.00","$4,387.00",1.0,"$4,387.00","$4,387.00",,"$4,387.00","$4,387.00",$0.00,
007,Irrigation System Repair,60-601005.000 - Design Contingency,Material - Material,,,,,,0.0,$0.00,$0.00,"-$4,387.00","-$4,387.00",-1.0,"$4,387.00","-$4,387.00",,,"-$4,387.00",$0.00,
006,ASI 002 - Vertical Grab Bars at Units,60-602020.000 - General Liability Insurance,Material - Material,,,,,,,,$112.45,$112.45,$112.45,,,,,,0.0,$112.45,
006,ASI 002 - Vertical Grab Bars at Units,60-604000.000 - Fee,Material - Material,,,,,,,,$393.58,$393.58,$393.58,,,,,,0.0,$393.58,
006,ASI 002 - Vertical Grab Bars at Units,10-102800.000 - Toilet and Bath Accessories,Material - Material,,Added 107 vertical grab bars at unit restrooms.,,,ls,1.0,"$11,245.00","$11,245.00","$11,245.00","$11,245.00",1.0,"$11,245.00","$11,245.00",,,"$11,245.00",$0.00,
005,Provide and Install Poles and Power for Site Security,60-602020.000 - General Liability Insurance,Material - Material,,,,,,,,$212.85,$212.85,$212.85,,,,,,0.0,$212.85,
005,Provide and Install Poles and Power for Site Security,60-604000.000 - Fee,Material - Material,,,,,,,,$744.98,$744.98,$744.98,,,,,,0.0,$744.98,
005,Provide and Install Poles and Power for Site Security,26-260000.000 - Electrical,Subcontract - Subcontract,,Provide and install three poles with 120V power for Per Mar site security cameras.,"Berd Electric, LLC",SC-25-117-260,ls,1.0,"$21,285.00","$21,285.00","$21,285.00","$21,285.00",1.0,"$21,285.00","$21,285.00",,"$21,285.00","$21,285.00",$0.00,
004,RFI 06 PVC Waterpipe ILO Ductile Iron Pipe,33-330000.000 - Utilities,Subcontract - Subcontract,,Credit for using PVC pipe in lieu of ductile iron pipe.,"Minnesota Utilities & Excavating, LLC",SC-25-117-310,ls,-1.0,"$7,500.00","-$7,500.00",,"-$7,500.00",-1.0,"$7,500.00","-$7,500.00",,"-$7,500.00","-$7,500.00",$0.00,
003,Fire Pump Credit,60-602020.000 - General Liability Insurance,Material - Material,,,,,,,,$0.00,$0.00,$0.00,,,,,,0.0,$0.00,
003,Fire Pump Credit,60-604000.000 - Fee,Material - Material,,,,,,,,$0.00,$0.00,$0.00,,,,,,0.0,$0.00,
003,Fire Pump Credit,21-210000.000 - Fire Suppression,Subcontract - Subcontract,,"Credit for the fire pump originally included in the contract, now no longer required.",,,ls,0.0,$0.00,$0.00,"-$42,500.00","-$42,500.00",-1.0,"$42,500.00","-$42,500.00",,,"-$42,500.00",$0.00,
003,Fire Pump Credit,26-260000.000 - Electrical,Subcontract - Subcontract,,"Credit for the electrical wiring for fire pump originally included in the contract, now no longer required.","Berd Electric, LLC",SC-25-117-260,ls,0.0,$0.00,$0.00,"-$12,000.00","-$12,000.00",-1.0,"$12,000.00","-$12,000.00",,"-$12,000.00","-$12,000.00",$0.00,
002,Marketing Office Finishes,60-602020.000 - General Liability Insurance,Material - Material,,,,,,,,$0.00,$33.21,$33.21,,,,,,0.0,$33.21,
002,Marketing Office Finishes,60-604000.000 - Fee,Material - Material,,,,,,,,$0.00,$116.24,$116.24,,,,,,0.0,$116.24,
002,Marketing Office Finishes,11-113100.000 - Appliances,Material - Material,,Supply undercounter refrigerator,All Inc.,SC-25-117-113,ls,1.0,$495.24,$495.24,$495.24,$495.24,1.0,$495.24,$495.24,,$495.24,$495.24,$0.00,
002,Marketing Office Finishes,9-92116.000 - Gypsum Board Assemblies,Subcontract - Subcontract,, Additional drywall and painting per layout changes,"MCI Paint & Drywall, Inc.",SC-25-117-092,ls,1.0,"$1,326.00","$1,326.00","$1,326.00","$1,326.00",1.0,"$1,326.00","$1,326.00",,"$1,326.00","$1,326.00",$0.00,
002,Marketing Office Finishes,26-260000.000 - Electrical,Subcontract - Subcontract,,Rough ins changed due to layout,"Berd Electric, LLC",SC-25-117-260,ls,1.0,"$1,500.00","$1,500.00","$1,500.00","$1,500.00",1.0,"$1,500.00","$1,500.00",,"$1,500.00","$1,500.00",$0.00,
001,OP3 CD Utility Revisions Allowance Reconcile,60-602020.000 - General Liability Insurance,Material - Material,,,,,,,,$0.00,$0.00,$0.00,,,,,,0.0,$0.00,
001,OP3 CD Utility Revisions Allowance Reconcile,60-604000.000 - Fee,Material - Material,,,,,,,,$0.00,$0.00,$0.00,,,,,,0.0,$0.00,
001,OP3 CD Utility Revisions Allowance Reconcile,33-330000.000 - Utilities,Subcontract - Subcontract,,Reconcile contract allowance for additional water line and tap.,,,ls,-1.0,"$3,140.00","-$3,140.00","-$3,140.00","-$3,140.00",-1.0,"$3,140.00","-$3,140.00",,,"-$3,140.00",$0.00,
